"","CASE_ID","GPS_NAC_ADOPTER","SURVEY_SOURCE","STATE","HOME","HAVESOLAR","PROMPT1","PROMPT2","PROMPT3","PROMPT4"
"1",1342,3,2,4,NA,"1",0,0,1,0
"2",1343,3,2,4,NA,"1",1,0,1,0
"3",1344,3,2,4,NA,"1",0,0,0,0
"4",1345,3,2,4,NA,"1",0,0,1,0
"5",1346,3,2,4,NA,"1",0,0,1,0
"6",1347,3,2,4,NA,"1",0,0,1,0
"7",1348,3,2,4,NA,"1",1,0,1,0
"8",1349,3,2,4,NA,"1",0,0,1,0
"9",1350,3,2,4,NA,"1",0,0,1,0
"10",1351,3,2,4,NA,"1",0,0,1,0
"11",1352,3,2,4,NA,"1",0,0,0,0
"12",1353,3,2,2,NA,"1",0,0,1,0
"13",1354,3,2,2,NA,"1",0,0,1,0
"14",1355,3,2,2,NA,"1",0,0,1,0
"15",1356,3,2,1,NA,"1",0,0,1,0
"16",1357,3,2,4,NA,"1",0,0,1,0
"17",1358,3,2,4,NA,"1",0,0,1,0
"18",1359,3,2,4,NA,"1",0,1,1,1
"19",1360,3,2,4,NA,"1",0,0,1,0
"20",1361,3,2,4,NA,"1",1,0,1,0
"21",1362,3,2,4,NA,"1",0,0,1,1
"22",1363,3,2,4,NA,"1",0,0,1,0
"23",1364,3,2,4,NA,"1",1,0,1,0
"24",1365,3,2,4,NA,"1",1,1,1,0
"25",1366,3,2,4,NA,"1",0,0,1,0
"26",1367,3,2,4,NA,"1",1,0,1,0
"27",1368,3,2,1,NA,"1",0,0,0,0
"28",1369,3,2,4,NA,"1",0,1,1,0
"29",1370,3,2,4,NA,"1",0,0,1,0
"30",1371,3,2,4,NA,"1",0,0,1,0
"31",1372,3,2,4,NA,"1",0,0,1,0
"32",1373,3,2,2,NA,"1",0,0,1,0
"33",1374,3,2,4,NA,"1",0,1,1,1
"34",1375,3,2,4,NA,"1",0,1,1,1
"35",1376,3,2,4,NA,"1",0,1,1,1
"36",1377,3,2,4,NA,"1",0,0,1,1
"37",1378,3,2,1,NA,"1",0,0,1,0
"38",1379,3,2,4,NA,"1",1,1,1,1
"39",1380,3,2,2,NA,"1",0,0,1,0
"40",1381,3,2,4,NA,"1",0,0,1,0
"41",1382,3,2,4,NA,"1",0,0,1,0
"42",1383,3,2,4,NA,"1",0,0,1,0
"43",1384,3,2,4,NA,"1",0,0,0,0
"44",1385,3,2,4,NA,"1",0,0,1,0
"45",1386,3,2,1,NA,"1",0,0,1,0
"46",1387,3,2,4,NA,"1",0,0,1,0
"47",1388,3,2,4,NA,"1",0,0,1,1
"48",1389,3,2,4,NA,"1",0,0,1,0
"49",1390,3,2,2,NA,"1",1,0,1,0
"50",1391,3,2,4,NA,"1",0,0,1,0
"51",1392,3,2,4,NA,"1",0,0,0,0
"52",1393,3,2,4,NA,"1",1,0,1,1
"53",1394,3,2,3,NA,"1",1,0,1,0
"54",1395,3,2,4,NA,"1",0,0,1,0
"55",1396,3,2,4,NA,"1",0,0,1,0
"56",1397,3,2,4,NA,"1",0,0,1,0
"57",1398,3,2,1,NA,"1",0,0,1,0
"58",1399,3,2,4,NA,"1",0,0,1,0
"59",1400,3,2,4,NA,"1",0,0,1,0
"60",1401,3,2,4,NA,"1",0,0,1,0
"61",1402,3,2,4,NA,"1",0,1,1,0
"62",1403,3,2,2,NA,"1",0,0,1,0
"63",1404,3,2,4,NA,"1",0,0,1,0
"64",1405,3,2,4,NA,"1",0,0,0,0
"65",1406,3,2,1,NA,"1",0,0,1,0
"66",1407,3,2,4,NA,"1",1,0,1,0
"67",1408,3,2,2,NA,"1",0,0,1,0
"68",1409,3,2,4,NA,"1",0,0,1,0
"69",1410,3,2,4,NA,"1",0,0,1,0
"70",1411,3,2,2,NA,"1",1,0,1,0
"71",1412,3,2,4,NA,"1",1,0,1,0
"72",1413,3,2,1,NA,"1",0,0,0,0
"73",1414,3,2,4,NA,"1",0,0,1,0
"74",1415,3,2,4,NA,"1",0,0,0,0
"75",1416,3,2,1,NA,"1",0,0,1,0
"76",1417,3,2,4,NA,"1",1,0,1,0
"77",1418,3,2,2,NA,"1",1,0,1,0
"78",1419,3,2,4,NA,"1",0,0,1,1
"79",1420,3,2,4,NA,"1",1,0,1,0
"80",1421,3,2,4,NA,"1",0,0,1,0
"81",1422,3,2,4,NA,"1",1,0,1,0
"82",1423,3,2,4,NA,"1",0,0,1,0
"83",1424,3,2,4,NA,"1",0,0,1,0
"84",1425,3,2,4,NA,"1",1,0,1,0
"85",1426,3,2,4,NA,"1",0,0,1,0
"86",1427,3,2,4,NA,"1",0,0,1,0
"87",1428,3,2,4,NA,"1",0,0,1,0
"88",1429,3,2,4,NA,"1",1,0,1,0
"89",1430,3,2,4,NA,"1",0,1,1,1
"90",1431,3,2,4,NA,"1",0,0,1,0
"91",1432,3,2,2,NA,"1",0,0,1,0
"92",1433,3,2,4,NA,"1",0,0,1,0
"93",1434,3,2,4,NA,"1",0,0,1,0
"94",1435,3,2,4,NA,"1",0,0,1,0
"95",1436,3,2,4,NA,"1",0,0,1,0
"96",1437,3,2,4,NA,"1",0,0,0,0
"97",1438,3,2,4,NA,"1",1,0,1,0
"98",1439,3,2,4,NA,"1",1,0,1,0
"99",1440,3,2,2,NA,"1",0,0,0,0
"100",1441,3,2,1,NA,"1",0,0,1,0
"101",1442,3,2,2,NA,"1",0,0,1,0
"102",1443,3,2,4,NA,"1",1,0,1,0
"103",1444,3,2,2,NA,"1",0,0,1,0
"104",1445,3,2,4,NA,"1",1,0,1,0
"105",1446,3,2,1,NA,"1",0,0,1,0
"106",1447,3,2,4,NA,"1",0,0,1,0
"107",1448,3,2,4,NA,"1",0,1,1,0
"108",1449,3,2,4,NA,"1",0,0,1,0
"109",1450,3,2,4,NA,"1",0,0,1,0
"110",1451,3,2,4,NA,"1",0,0,1,0
"111",1452,3,2,4,NA,"1",0,0,1,0
"112",1453,3,2,4,NA,"1",0,0,0,0
"113",1454,3,2,4,NA,"1",1,0,1,0
"114",1455,3,2,4,NA,"1",0,0,1,0
"115",1456,3,2,4,NA,"1",0,0,0,0
"116",1457,3,2,4,NA,"1",1,0,1,1
"117",1458,3,2,4,NA,"1",0,0,1,0
"118",1459,3,2,4,NA,"1",0,0,1,0
"119",1460,3,2,4,NA,"1",0,0,1,0
"120",1461,3,2,2,NA,"1",0,0,1,0
"121",1462,3,2,4,NA,"1",0,0,1,0
"122",1463,3,2,2,NA,"1",0,0,1,0
"123",1464,3,2,1,NA,"1",0,0,1,0
"124",1465,3,2,2,NA,"1",0,0,0,0
"125",1466,3,2,1,NA,"1",0,0,1,0
"126",1467,3,2,4,NA,"1",0,0,1,0
"127",1468,3,2,2,NA,"1",0,0,1,1
"128",1469,3,2,1,NA,"1",0,0,1,0
"129",1470,3,2,4,NA,"1",0,0,1,0
"130",1471,3,2,4,NA,"1",0,0,1,0
"131",1472,3,2,4,NA,"1",0,0,1,0
"132",1473,3,2,4,NA,"1",0,0,1,0
"133",1474,3,2,4,NA,"1",0,0,1,0
"134",1475,3,2,2,NA,"1",0,0,1,0
"135",1476,3,2,4,NA,"1",0,0,1,0
"136",1477,3,2,4,NA,"1",1,1,1,1
"137",1478,3,2,4,NA,"1",0,0,1,0
"138",1479,3,2,4,NA,"1",0,0,1,0
"139",1480,3,2,2,NA,"1",0,0,1,0
"140",1481,3,2,4,NA,"1",0,1,0,0
"141",1482,3,2,4,NA,"1",1,0,1,0
"142",1483,3,2,4,NA,"1",0,0,1,0
"143",1484,3,2,4,NA,"1",0,0,1,0
"144",1485,3,2,4,NA,"1",0,0,1,0
"145",1486,3,2,4,NA,"1",0,1,1,0
"146",1487,3,2,1,NA,"1",0,0,1,0
"147",1488,3,2,4,NA,"1",0,0,1,0
"148",1489,3,2,4,NA,"1",0,0,1,0
"149",1490,3,2,4,NA,"1",1,0,1,0
"150",1491,3,2,2,NA,"1",0,0,1,0
"151",1492,3,2,2,NA,"1",0,0,1,0
"152",1493,3,2,4,NA,"1",1,0,1,1
"153",1494,3,2,1,NA,"1",0,0,1,0
"154",1495,3,2,4,NA,"1",0,0,1,0
"155",1496,3,2,4,NA,"1",0,0,0,0
"156",1497,3,2,4,NA,"1",1,0,1,0
"157",1498,3,2,4,NA,"1",0,0,1,0
"158",1499,3,2,4,NA,"1",0,0,1,1
"159",1500,3,2,4,NA,"1",0,0,1,0
"160",1501,3,2,4,NA,"1",0,0,1,0
"161",1502,3,2,4,NA,"1",0,0,1,0
"162",1503,3,2,4,NA,"1",0,0,1,0
"163",1504,3,2,4,NA,"1",0,0,1,0
"164",1505,3,2,4,NA,"1",0,0,1,0
"165",1506,3,2,4,NA,"1",0,0,1,0
"166",1507,3,2,4,NA,"1",0,0,1,0
"167",1508,3,2,1,NA,"1",1,0,1,0
"168",1509,3,2,4,NA,"1",1,1,1,1
"169",1510,3,2,4,NA,"1",0,0,1,0
"170",1511,3,2,4,NA,"1",1,0,1,0
"171",1512,3,2,4,NA,"1",1,0,1,0
"172",1513,3,2,4,NA,"1",0,0,1,0
"173",1514,3,2,2,NA,"1",1,0,1,0
"174",1515,3,2,4,NA,"1",1,0,1,1
"175",1516,3,2,1,NA,"1",0,0,1,0
"176",1517,3,2,4,NA,"1",1,0,1,0
"177",1518,3,2,4,NA,"1",0,0,1,0
"178",1519,3,2,4,NA,"1",0,1,1,0
"179",1520,3,2,4,NA,"1",0,0,1,0
"180",1521,3,2,4,NA,"1",99,99,99,99
"181",1522,3,2,2,NA,"1",1,0,0,0
"182",1523,3,2,2,NA,"1",0,0,1,0
"183",1524,3,2,4,NA,"1",1,1,1,1
"184",1525,3,2,4,NA,"1",0,0,1,0
"185",1526,3,2,1,NA,"1",0,0,1,0
"186",1527,3,2,4,NA,"1",0,0,1,0
"187",1528,3,2,4,NA,"1",0,0,1,0
"188",1529,3,2,4,NA,"1",1,0,0,0
"189",1530,3,2,4,NA,"1",1,0,1,0
"190",1531,3,2,2,NA,"1",1,0,1,0
"191",1532,3,2,4,NA,"1",0,1,0,0
"192",1533,3,2,4,NA,"1",0,0,1,0
"193",1534,3,2,1,NA,"1",0,0,1,0
"194",1535,3,2,2,NA,"1",0,0,1,0
"195",1536,3,2,4,NA,"1",1,0,0,0
"196",1537,3,2,4,NA,"1",0,0,1,0
"197",1538,3,2,4,NA,"1",0,0,1,0
"198",1539,3,2,1,NA,"1",1,0,0,0
"199",1540,3,2,4,NA,"1",0,0,1,0
"200",1541,3,2,4,NA,"1",0,0,1,0
"201",1542,3,2,4,NA,"1",1,0,1,1
"202",1543,3,2,2,NA,"1",0,0,1,0
"203",1544,3,2,4,NA,"1",0,0,1,0
"204",1545,3,2,4,NA,"1",0,0,0,0
"205",1546,3,2,4,NA,"1",0,0,1,0
"206",1547,3,2,1,NA,"1",0,0,0,0
"207",1548,3,2,4,NA,"1",0,0,1,0
"208",1549,3,2,4,NA,"1",1,0,1,0
"209",1550,3,2,4,NA,"1",1,0,1,0
"210",1551,3,2,4,NA,"1",0,0,1,0
"211",1552,3,2,4,NA,"1",0,0,1,0
"212",1553,3,2,3,NA,"1",0,0,1,0
"213",1554,3,2,4,NA,"1",0,0,1,0
"214",1555,3,2,4,NA,"1",0,0,1,0
"215",1556,3,2,4,NA,"1",0,0,1,0
"216",1557,3,2,4,NA,"1",0,0,1,0
"217",1558,3,2,4,NA,"1",0,0,1,0
"218",1559,3,2,1,NA,"1",0,0,1,0
"219",1560,3,2,4,NA,"1",0,0,1,0
"220",1561,3,2,4,NA,"1",0,0,0,0
"221",1562,3,2,4,NA,"1",1,0,1,1
"222",1563,3,2,4,NA,"1",0,0,1,0
"223",1564,3,2,4,NA,"1",0,0,1,0
"224",1565,3,2,4,NA,"1",0,0,1,0
"225",1566,3,2,4,NA,"1",0,0,1,1
"226",1567,3,2,4,NA,"1",0,0,1,0
"227",1568,3,2,4,NA,"1",0,0,1,0
"228",1569,3,2,4,NA,"1",0,0,1,0
"229",1570,3,2,4,NA,"1",1,0,1,1
"230",1571,3,2,4,NA,"1",0,0,1,0
"231",1572,3,2,4,NA,"1",1,0,1,0
"232",1573,3,2,4,NA,"1",1,0,1,0
"233",1574,3,2,4,NA,"1",1,0,1,0
"234",1575,3,2,1,NA,"1",0,0,1,0
"235",1576,3,2,4,NA,"1",1,0,1,0
"236",1577,3,2,4,NA,"1",0,0,1,0
"237",1578,3,2,4,NA,"1",0,0,0,0
"238",1579,3,2,4,NA,"1",0,0,1,0
"239",1580,3,2,4,NA,"1",1,0,1,1
"240",1581,3,2,4,NA,"1",0,0,1,0
"241",1582,3,2,4,NA,"1",0,0,1,0
"242",1583,3,2,2,NA,"1",0,0,0,0
"243",1584,3,2,4,NA,"1",0,0,1,0
"244",1585,3,2,4,NA,"1",0,0,1,1
"245",1586,3,2,4,NA,"1",0,0,1,0
"246",1587,3,2,4,NA,"1",0,0,0,0
"247",1588,3,2,4,NA,"1",1,0,1,0
"248",1589,3,2,4,NA,"1",0,0,1,0
"249",1590,3,2,4,NA,"1",1,0,1,0
"250",1591,3,2,4,NA,"1",0,0,1,0
"251",1592,3,2,1,NA,"1",0,0,1,0
"252",1593,3,2,4,NA,"1",0,0,1,0
"253",1594,3,2,4,NA,"1",1,0,1,0
"254",1595,3,2,4,NA,"1",0,0,1,0
"255",1596,3,2,4,NA,"1",0,0,1,0
"256",1597,3,2,4,NA,"1",0,0,1,0
"257",1598,3,2,4,NA,"1",0,0,1,0
"258",1599,3,2,4,NA,"1",1,0,1,0
"259",1600,3,2,4,NA,"1",0,0,1,0
"260",1601,3,2,4,NA,"1",0,0,1,0
"261",1602,3,2,4,NA,"1",1,0,1,0
"262",1603,3,2,2,NA,"1",0,0,1,0
"263",1604,3,2,2,NA,"1",0,0,1,0
"264",1605,3,2,1,NA,"1",1,0,1,1
"265",1606,3,2,4,NA,"1",1,0,1,0
"266",1607,3,2,4,NA,"1",0,0,1,0
"267",1608,3,2,2,NA,"1",0,0,0,0
"268",1609,3,2,4,NA,"1",1,0,1,0
"269",1610,3,2,4,NA,"1",1,0,1,1
"270",1611,3,2,4,NA,"1",0,0,0,1
"271",1612,3,2,4,NA,"1",0,0,1,0
"272",1613,3,2,4,NA,"1",0,0,1,0
"273",1614,3,2,4,NA,"1",0,0,1,0
"274",1615,3,2,4,NA,"1",0,0,1,0
"275",1616,3,2,4,NA,"1",0,0,1,1
"276",1617,3,2,4,NA,"1",0,0,1,0
"277",1618,3,2,4,NA,"1",0,0,1,0
"278",1619,3,2,1,NA,"1",0,0,1,0
"279",1620,3,2,4,NA,"1",0,0,1,0
"280",1621,3,2,4,NA,"1",0,0,1,0
"281",1622,3,2,4,NA,"1",0,0,1,0
"282",1623,3,2,4,NA,"1",0,0,1,0
"283",1624,3,2,4,NA,"1",1,0,1,0
"284",1625,3,2,4,NA,"1",0,0,1,0
"285",1626,3,2,4,NA,"1",1,0,1,0
"286",1627,3,2,4,NA,"1",1,0,1,0
"287",1628,3,2,4,NA,"1",1,0,1,0
"288",1629,3,2,1,NA,"1",0,0,1,0
"289",1630,3,2,4,NA,"1",0,0,1,0
"290",1631,3,2,2,NA,"1",0,0,1,1
"291",1632,3,2,1,NA,"1",0,0,0,0
"292",1633,3,2,1,NA,"1",0,0,0,0
"293",1634,3,2,4,NA,"1",0,0,1,0
"294",1635,3,2,4,NA,"1",0,0,1,0
"295",1636,3,2,4,NA,"1",0,0,1,0
"296",1637,3,2,1,NA,"1",0,0,0,0
"297",1638,3,2,4,NA,"1",0,0,1,1
"298",1639,3,2,4,NA,"1",0,0,1,0
"299",1640,3,2,4,NA,"1",0,0,1,0
"300",1641,3,2,1,NA,"1",1,0,1,0
"301",1642,3,2,4,NA,"1",0,0,1,0
"302",1643,3,2,4,NA,"1",0,0,1,0
"303",1644,3,2,4,NA,"1",1,0,1,0
"304",1645,3,2,4,NA,"1",0,0,1,0
"305",1646,3,2,4,NA,"1",0,0,1,1
"306",1647,3,2,1,NA,"1",0,1,1,0
"307",1648,3,2,3,NA,"1",1,0,1,1
"308",1649,3,2,4,NA,"1",0,0,1,1
"309",1650,3,2,3,NA,"1",1,0,1,0
"310",1651,3,2,4,NA,"1",0,0,1,0
"311",1652,3,2,2,NA,"1",0,0,1,0
"312",1653,3,2,3,NA,"1",0,0,1,0
"313",1654,3,2,4,NA,"1",0,0,1,0
"314",1655,3,2,1,NA,"1",0,0,0,0
"315",1656,3,2,4,NA,"1",0,0,1,0
"316",1657,3,2,4,NA,"1",0,0,1,0
"317",1658,3,2,4,NA,"1",0,0,0,0
"318",1659,3,2,4,NA,"1",1,0,1,0
"319",1660,3,2,4,NA,"1",0,0,1,0
"320",1661,3,2,4,NA,"1",0,0,1,0
"321",1662,3,2,4,NA,"1",1,0,1,0
"322",1663,3,2,4,NA,"1",1,0,1,0
"323",1664,3,2,4,NA,"1",0,0,1,0
"324",1665,3,2,4,NA,"1",0,0,1,0
"325",1666,3,2,4,NA,"1",0,0,1,0
"326",1667,3,2,2,NA,"1",0,0,1,0
"327",1668,3,2,4,NA,"1",0,0,1,0
"328",1669,3,2,1,NA,"1",0,0,1,0
"329",1670,3,2,4,NA,"1",1,0,1,1
"330",1671,3,2,4,NA,"1",0,0,0,0
"331",1672,3,2,4,NA,"1",0,0,1,1
"332",1673,3,2,4,NA,"1",0,0,1,0
"333",1674,3,2,4,NA,"1",0,0,1,1
"334",1675,3,2,4,NA,"1",0,0,1,0
"335",1676,3,2,4,NA,"1",0,0,1,0
"336",1677,3,2,4,NA,"1",1,0,1,0
"337",1678,3,2,2,NA,"1",0,0,1,0
"338",1679,3,2,1,NA,"1",0,0,0,0
"339",1680,3,2,4,NA,"1",0,0,1,0
"340",1681,3,2,4,NA,"1",1,0,1,0
"341",1682,3,2,4,NA,"1",0,0,1,0
"342",1683,3,2,4,NA,"1",0,0,1,0
"343",1684,3,2,1,NA,"1",0,0,1,0
"344",1685,3,2,4,NA,"1",0,0,1,0
"345",1686,3,2,3,NA,"1",0,0,1,0
"346",1687,3,2,4,NA,"1",1,0,1,0
"347",1688,3,2,4,NA,"1",1,0,1,0
"348",1689,3,2,1,NA,"1",0,0,1,0
"349",1690,3,2,4,NA,"1",0,0,1,0
"350",1691,3,2,1,NA,"1",0,0,1,0
"351",1692,3,2,4,NA,"1",1,0,1,0
"352",1693,3,2,1,NA,"1",0,0,1,0
"353",1694,3,2,4,NA,"1",0,0,1,0
"354",1695,3,2,1,NA,"1",0,0,1,0
"355",1696,3,2,4,NA,"1",0,0,1,0
"356",1697,3,2,4,NA,"1",0,0,1,0
"357",1698,3,2,4,NA,"1",0,0,1,0
"358",1699,3,2,2,NA,"1",0,0,0,0
"359",1700,3,2,4,NA,"1",0,0,0,0
"360",1701,3,2,4,NA,"1",0,0,1,0
"361",1702,3,2,2,NA,"1",0,0,1,0
"362",1703,3,2,4,NA,"1",0,0,1,0
"363",1704,3,2,4,NA,"1",0,0,1,0
"364",1705,3,2,2,NA,"1",0,1,1,0
"365",1706,3,2,4,NA,"1",0,1,0,0
"366",1707,3,2,2,NA,"1",1,0,1,0
"367",1708,3,2,1,NA,"1",0,0,1,0
"368",1709,3,2,3,NA,"1",0,0,0,0
"369",1710,3,2,1,NA,"1",0,0,1,0
"370",1711,3,2,2,NA,"1",0,0,1,0
"371",1712,3,2,4,NA,"1",0,0,1,0
"372",1713,3,2,4,NA,"1",0,0,1,0
"373",1714,3,2,2,NA,"1",0,0,1,0
"374",1715,3,2,3,NA,"1",0,0,1,0
"375",1716,3,2,4,NA,"1",0,0,1,0
"376",1717,3,2,4,NA,"1",1,0,1,0
"377",1718,3,2,1,NA,"1",0,0,1,0
"378",1719,3,2,3,NA,"1",0,0,1,1
"379",1720,3,2,4,NA,"1",0,0,1,0
"380",1721,3,2,2,NA,"1",0,0,1,0
"381",1722,3,2,4,NA,"1",0,0,1,0
"382",1723,3,2,2,NA,"1",0,0,1,0
"383",1724,3,2,4,NA,"1",1,0,1,0
"384",1725,3,2,4,NA,"1",1,0,1,0
"385",1726,3,2,4,NA,"1",0,0,1,1
"386",1727,3,2,2,NA,"1",0,0,1,0
"387",1728,3,2,2,NA,"1",1,0,1,0
"388",1729,3,2,4,NA,"1",0,0,1,1
"389",1730,3,2,4,NA,"1",0,0,1,0
"390",1731,3,2,4,NA,"1",0,0,1,0
"391",1732,3,2,4,NA,"1",0,0,1,0
"392",1733,3,2,4,NA,"1",1,0,1,0
"393",1734,3,2,4,NA,"1",0,0,1,0
"394",1735,3,2,4,NA,"1",1,0,1,0
"395",1736,3,2,4,NA,"1",1,0,1,0
"396",1737,3,2,4,NA,"1",0,0,0,0
"397",1738,3,2,4,NA,"1",0,0,1,0
"398",1739,3,2,4,NA,"1",0,0,1,0
"399",1740,3,2,4,NA,"1",0,0,1,0
"400",1741,3,2,4,NA,"1",1,0,1,0
"401",1742,3,2,4,NA,"1",1,0,1,1
"402",1743,3,2,4,NA,"1",0,0,1,0
"403",1744,3,2,4,NA,"1",0,0,1,0
"404",1745,3,2,4,NA,"1",0,0,1,0
"405",1746,3,2,4,NA,"1",0,0,1,1
"406",1747,3,2,4,NA,"1",0,0,1,0
"407",1748,3,2,2,NA,"1",0,0,1,1
"408",1749,3,2,4,NA,"1",0,0,1,0
"409",1750,3,2,1,NA,"1",0,0,0,0
"410",1751,3,2,4,NA,"1",1,0,1,0
"411",1752,3,2,4,NA,"1",0,0,1,0
"412",1753,3,2,2,NA,"1",0,0,1,0
"413",1754,3,2,4,NA,"1",0,0,1,0
"414",1755,3,2,4,NA,"1",0,0,1,0
"415",1756,3,2,4,NA,"1",1,0,1,0
"416",1757,3,2,1,NA,"1",0,0,0,0
"417",1758,3,2,2,NA,"1",0,0,1,0
"418",1759,3,2,4,NA,"1",0,0,1,0
"419",1760,3,2,2,NA,"1",0,0,1,0
"420",1761,3,2,4,NA,"1",0,1,1,0
"421",1762,3,2,2,NA,"1",0,0,1,0
"422",1763,3,2,4,NA,"1",0,0,1,0
"423",1764,3,2,4,NA,"1",0,0,0,1
"424",1765,3,2,2,NA,"1",0,0,1,0
"425",1766,3,2,4,NA,"1",1,0,1,0
"426",1767,3,2,4,NA,"1",0,0,1,0
"427",1768,3,2,4,NA,"1",0,0,1,0
"428",1769,3,2,3,NA,"1",1,0,1,0
"429",1770,3,2,3,NA,"1",0,0,1,0
"430",1771,3,2,4,NA,"1",1,0,1,1
"431",1772,3,2,4,NA,"1",0,0,1,0
"432",1773,3,2,4,NA,"1",1,0,1,0
"433",1774,3,2,4,NA,"1",0,1,1,0
"434",1775,3,2,2,NA,"1",0,0,1,0
"435",1776,3,2,1,NA,"1",0,0,1,0
"436",1777,3,2,2,NA,"1",0,0,1,0
"437",1778,3,2,4,NA,"1",0,0,1,0
"438",1779,3,2,4,NA,"1",0,0,1,0
"439",1780,3,2,1,NA,"1",0,0,1,0
"440",1781,3,2,4,NA,"1",1,0,1,0
"441",1782,3,2,4,NA,"1",1,0,1,0
"442",1783,3,2,4,NA,"1",0,1,1,0
"443",1785,3,2,4,NA,"1",0,0,1,0
"444",1786,3,2,4,NA,"1",1,0,1,1
"445",1787,3,2,1,NA,"1",0,0,1,0
"446",1788,3,2,4,NA,"1",0,0,1,0
"447",1789,3,2,4,NA,"1",0,0,1,0
"448",1790,3,2,2,NA,"1",0,0,1,0
"449",1791,3,2,2,NA,"1",1,0,1,0
"450",1792,3,2,2,NA,"1",0,0,1,0
"451",1793,3,2,4,NA,"1",0,0,1,0
"452",1794,3,2,4,NA,"1",0,0,1,0
"453",1795,3,2,4,NA,"1",0,0,1,0
"454",1796,3,2,4,NA,"1",1,0,1,0
"455",1797,3,2,4,NA,"1",0,1,1,0
"456",1798,3,2,4,NA,"1",0,0,1,0
"457",1799,3,2,4,NA,"1",0,0,1,0
"458",1800,3,2,1,NA,"1",0,0,1,0
"459",1801,3,2,1,NA,"1",0,0,1,0
"460",1802,3,2,1,NA,"1",0,0,1,0
"461",1803,3,2,4,NA,"1",0,0,1,0
"462",1804,3,2,4,NA,"1",0,0,1,0
"463",1805,3,2,4,NA,"1",0,0,1,0
"464",1806,3,2,4,NA,"1",0,0,1,0
"465",1807,3,2,2,NA,"1",0,0,1,0
"466",1808,3,2,4,NA,"1",1,1,1,1
"467",1809,3,2,4,NA,"1",1,0,1,1
"468",1810,3,2,4,NA,"1",1,0,1,0
"469",1811,3,2,1,NA,"1",0,0,1,0
"470",1812,3,2,4,NA,"1",0,0,0,0
"471",1813,3,2,4,NA,"1",0,0,1,0
"472",1814,3,2,4,NA,"1",0,0,1,0
"473",1815,3,2,1,NA,"1",0,0,1,0
"474",1816,3,2,4,NA,"1",1,0,1,0
"475",1817,3,2,1,NA,"1",0,0,0,0
"476",1818,3,2,1,NA,"1",0,0,1,0
"477",1819,3,2,2,NA,"1",0,0,1,0
"478",1820,3,2,4,NA,"1",1,0,1,0
"479",1821,3,2,2,NA,"1",0,0,1,0
"480",1822,3,2,4,NA,"1",0,0,0,0
"481",1823,3,2,4,NA,"1",0,0,0,0
"482",1824,3,2,4,NA,"1",0,1,1,0
"483",1825,3,2,2,NA,"1",0,0,0,0
"484",1826,3,2,4,NA,"1",1,1,0,0
"485",1827,3,2,4,NA,"1",0,1,1,1
"486",1828,3,2,1,NA,"1",0,0,1,0
"487",1829,3,2,4,NA,"1",0,0,1,0
"488",1830,3,2,1,NA,"1",0,0,1,0
"489",1831,3,2,4,NA,"1",1,0,1,0
"490",1832,3,2,4,NA,"1",0,1,0,0
"491",1833,3,2,4,NA,"1",1,0,1,1
"492",1834,3,2,4,NA,"1",0,0,1,0
"493",1835,3,2,2,NA,"1",0,0,1,0
"494",1836,3,2,4,NA,"1",1,0,1,0
"495",1837,3,2,2,NA,"1",0,0,1,0
"496",1838,3,2,4,NA,"1",0,0,1,0
"497",1839,3,2,4,NA,"1",0,0,1,0
"498",1840,3,2,3,NA,"1",0,0,1,0
"499",1841,3,2,4,NA,"1",1,0,1,0
"500",1842,3,2,4,NA,"1",0,0,1,0
"501",1843,3,2,4,NA,"1",1,0,1,1
"502",1844,3,2,1,NA,"1",0,0,0,0
"503",1845,3,2,4,NA,"1",0,0,1,0
"504",1846,3,2,4,NA,"1",0,0,0,1
"505",1847,3,2,2,NA,"1",0,0,1,0
"506",1848,3,2,4,NA,"1",0,0,1,0
"507",1849,3,2,3,NA,"1",0,0,1,1
"508",1850,3,2,4,NA,"1",0,0,1,0
"509",1851,3,2,2,NA,"1",0,0,1,0
"510",1852,3,2,3,NA,"1",0,0,1,0
"511",1853,3,2,4,NA,"1",1,0,1,0
"512",1854,3,2,1,NA,"1",0,0,1,0
"513",1855,3,2,4,NA,"1",0,0,1,0
"514",1856,3,2,4,NA,"1",0,0,1,0
"515",1857,3,2,4,NA,"1",1,0,1,0
"516",1858,3,2,4,NA,"1",0,0,0,0
"517",1859,3,2,4,NA,"1",0,0,1,1
"518",1860,3,2,1,NA,"1",0,0,1,0
"519",1861,3,2,4,NA,"1",0,0,0,0
"520",1862,3,2,3,NA,"1",1,1,1,0
"521",1863,3,2,1,NA,"1",0,0,1,0
"522",1864,3,2,4,NA,"1",0,0,1,0
"523",1865,3,2,4,NA,"1",0,0,1,0
"524",1866,3,2,4,NA,"1",1,0,1,1
"525",1867,3,2,4,NA,"1",0,0,1,1
"526",1868,3,2,4,NA,"1",0,0,1,1
"527",1869,3,2,2,NA,"1",0,0,1,0
"528",1870,3,2,4,NA,"1",1,0,1,0
"529",1871,3,2,4,NA,"1",0,0,1,0
"530",1872,3,2,4,NA,"1",0,0,1,0
"531",1873,3,2,4,NA,"1",0,0,1,1
"532",1874,3,2,4,NA,"1",0,0,1,0
"533",1875,3,2,4,NA,"1",0,0,1,0
"534",1876,3,2,4,NA,"1",0,0,1,0
"535",1877,3,2,1,NA,"1",0,0,0,0
"536",1878,3,2,4,NA,"1",0,0,1,0
"537",1879,3,2,1,NA,"1",0,0,1,0
"538",1880,3,2,4,NA,"1",0,0,1,0
"539",1881,3,2,1,NA,"1",0,0,1,0
"540",1882,3,2,4,NA,"1",0,0,1,0
"541",1883,3,2,4,NA,"1",1,0,1,0
"542",1884,3,2,4,NA,"1",1,0,1,0
"543",1885,3,2,4,NA,"1",0,0,1,0
"544",1886,3,2,4,NA,"1",0,0,1,0
"545",1887,3,2,2,NA,"1",0,0,1,0
"546",1888,3,2,4,NA,"1",0,0,1,0
"547",1889,3,2,4,NA,"1",0,0,1,0
"548",1890,3,2,4,NA,"1",1,0,1,0
"549",1891,3,2,4,NA,"1",0,0,1,0
"550",1892,3,2,4,NA,"1",0,0,0,0
"551",1893,3,2,4,NA,"1",0,0,1,0
"552",1894,3,2,1,NA,"1",0,0,1,0
"553",1895,3,2,4,NA,"1",0,0,1,0
"554",1896,3,2,4,NA,"1",0,0,1,0
"555",1897,3,2,1,NA,"1",0,0,1,0
"556",1898,3,2,4,NA,"1",0,0,1,0
"557",1899,3,2,2,NA,"1",0,0,1,0
"558",1900,3,2,2,NA,"1",1,0,1,0
"559",1901,3,2,2,NA,"1",1,0,1,0
"560",1902,3,2,4,NA,"1",0,0,1,0
"561",1903,3,2,2,NA,"1",0,0,1,0
"562",1904,3,2,4,NA,"1",0,0,1,0
"563",1905,3,2,4,NA,"1",0,1,0,0
"564",1906,3,2,2,NA,"1",0,0,1,0
"565",1907,3,2,4,NA,"1",0,0,1,0
"566",1908,3,2,4,NA,"1",0,0,1,0
"567",1909,3,2,4,NA,"1",0,0,1,1
"568",1910,3,2,4,NA,"1",1,0,1,0
"569",1911,3,2,2,NA,"1",0,1,1,1
"570",1912,3,2,4,NA,"1",0,0,1,0
"571",1913,3,2,4,NA,"1",0,0,0,0
"572",1914,3,2,4,NA,"1",1,0,1,0
"573",1915,3,2,4,NA,"1",0,0,1,0
"574",1916,3,2,4,NA,"1",0,0,1,0
"575",1917,3,2,2,NA,"1",0,0,1,0
"576",1918,3,2,4,NA,"1",0,1,0,1
"577",1919,3,2,4,NA,"1",0,0,1,0
"578",1920,3,2,4,NA,"1",0,0,1,0
"579",1921,3,2,4,NA,"1",0,0,0,0
"580",1922,3,2,4,NA,"1",0,0,1,0
"581",1923,3,2,4,NA,"1",0,0,1,0
"582",1924,3,2,1,NA,"1",0,0,1,0
"583",1925,3,2,4,NA,"1",1,0,1,0
"584",1926,3,2,4,NA,"1",0,0,1,0
"585",1927,3,2,3,NA,"1",0,0,1,0
"586",1928,3,2,4,NA,"1",0,1,1,0
"587",1929,3,2,4,NA,"1",0,0,1,0
"588",1930,3,2,4,NA,"1",0,0,1,0
"589",1931,3,2,4,NA,"1",0,0,1,0
"590",1932,3,2,4,NA,"1",0,0,1,0
"591",1933,3,2,2,NA,"1",0,1,0,0
"592",1934,3,2,4,NA,"1",0,0,1,0
"593",1935,3,2,4,NA,"1",0,0,1,0
"594",1936,3,2,4,NA,"1",1,0,1,0
"595",1937,3,2,3,NA,"1",1,0,1,0
"596",1938,3,2,4,NA,"1",1,0,1,0
"597",1939,3,2,4,NA,"1",1,0,1,0
"598",1940,3,2,4,NA,"1",0,0,1,1
"599",1941,3,2,1,NA,"1",0,0,0,0
"600",1942,3,2,4,NA,"1",0,0,1,0
"601",1943,3,2,4,NA,"1",0,0,1,0
"602",1944,3,2,1,NA,"1",0,0,1,0
"603",1945,3,2,2,NA,"1",0,0,1,0
"604",1946,3,2,4,NA,"1",1,0,1,1
"605",1947,3,2,4,NA,"1",0,0,1,0
"606",1948,3,2,1,NA,"1",1,0,1,0
"607",1949,3,2,4,NA,"1",0,0,1,0
"608",1950,3,2,2,NA,"1",0,0,1,0
"609",1951,3,2,4,NA,"1",0,0,1,0
"610",1952,3,2,4,NA,"1",0,0,1,0
"611",1953,3,2,4,NA,"1",0,0,1,0
"612",1954,3,2,2,NA,"1",0,0,1,0
"613",1955,3,2,4,NA,"1",0,0,1,1
"614",1956,3,2,4,NA,"1",1,0,1,0
"615",1957,3,2,4,NA,"1",0,0,1,0
"616",1958,3,2,4,NA,"1",0,0,1,1
"617",1959,3,2,1,NA,"1",0,0,0,0
"618",1960,3,2,4,NA,"1",0,0,1,0
"619",1961,3,2,4,NA,"1",1,0,1,0
"620",1962,3,2,4,NA,"1",0,0,0,0
"621",1963,3,2,4,NA,"1",0,0,1,0
"622",1964,3,2,4,NA,"1",1,0,1,0
"623",1965,3,2,4,NA,"1",0,0,1,0
"624",1966,3,2,4,NA,"1",1,0,1,0
"625",1967,3,2,1,NA,"1",0,0,1,0
"626",1968,3,2,4,NA,"1",0,0,0,0
"627",1969,3,2,4,NA,"1",0,1,1,0
"628",1970,3,2,4,NA,"1",0,0,1,0
"629",1971,3,2,4,NA,"1",0,0,1,0
"630",1972,3,2,4,NA,"1",1,0,1,0
"631",1973,3,2,4,NA,"1",0,0,1,0
"632",1974,3,2,4,NA,"1",1,0,1,0
"633",1975,3,2,1,NA,"1",1,0,1,0
"634",1976,3,2,4,NA,"1",0,0,1,0
"635",1977,3,2,2,NA,"1",0,0,1,0
"636",1978,3,2,4,NA,"1",0,0,1,0
"637",1979,3,2,4,NA,"1",0,0,1,0
"638",1980,3,2,4,NA,"1",0,0,1,0
"639",1981,3,2,1,NA,"1",0,0,1,0
"640",1982,3,2,2,NA,"1",0,0,1,0
"641",1983,3,2,4,NA,"1",1,0,1,0
"642",1984,3,2,4,NA,"1",0,0,1,0
"643",1985,3,2,4,NA,"1",0,0,1,0
"644",1986,3,2,4,NA,"1",0,0,1,1
"645",1987,3,2,4,NA,"1",1,0,1,0
"646",1988,3,2,4,NA,"1",0,0,1,0
"647",1989,3,2,4,NA,"1",1,1,1,0
"648",1990,3,2,4,NA,"1",1,1,1,0
"649",1991,3,2,2,NA,"1",1,0,1,0
"650",1992,3,2,4,NA,"1",0,0,1,0
"651",1993,3,2,4,NA,"1",0,0,1,0
"652",1994,3,2,4,NA,"1",0,0,1,0
"653",1995,3,2,4,NA,"1",1,0,1,0
"654",1996,3,2,4,NA,"1",1,0,1,1
"655",1997,3,2,4,NA,"1",0,0,1,0
"656",1998,3,2,1,NA,"1",0,0,0,0
"657",1999,3,2,4,NA,"1",1,0,1,0
"658",2000,3,2,4,NA,"1",1,0,1,0
"659",2001,3,2,4,NA,"1",0,0,1,0
"660",2002,3,2,4,NA,"1",0,0,1,0
"661",2003,3,2,4,NA,"1",0,0,1,0
"662",2004,3,2,4,NA,"1",1,0,1,0
"663",2005,3,2,4,NA,"1",0,0,1,1
"664",2006,3,2,4,NA,"1",0,0,1,0
"665",2007,3,2,4,NA,"1",1,0,1,0
"666",2008,3,2,1,NA,"1",1,0,1,0
"667",2009,3,2,2,NA,"1",0,0,0,0
"668",2010,3,2,4,NA,"1",0,0,1,0
"669",2011,3,2,2,NA,"1",0,0,1,0
"670",2012,3,2,4,NA,"1",0,0,1,0
"671",2013,3,2,4,NA,"1",0,0,1,0
"672",2014,3,2,4,NA,"1",1,0,1,1
"673",2015,3,2,2,NA,"1",1,0,1,0
"674",2016,3,2,4,NA,"1",0,0,1,1
"675",2017,3,2,4,NA,"1",0,0,1,1
"676",2018,3,2,4,NA,"1",1,0,1,0
"677",2019,3,2,4,NA,"1",0,0,1,0
"678",2020,3,2,4,NA,"1",0,0,1,0
"679",2021,3,2,4,NA,"1",0,0,1,0
"680",2022,3,2,4,NA,"1",1,0,1,0
"681",2023,3,2,4,NA,"1",1,0,1,0
"682",2024,3,2,4,NA,"1",0,0,1,1
"683",2025,3,2,4,NA,"1",0,0,1,0
"684",2026,3,2,4,NA,"1",0,0,1,0
"685",2027,3,2,4,NA,"1",0,0,1,0
"686",2028,3,2,4,NA,"1",1,0,1,1
"687",2029,3,2,4,NA,"1",1,0,1,0
"688",2030,3,2,4,NA,"1",1,0,1,0
"689",2031,3,2,2,NA,"1",1,0,0,1
"690",2032,3,2,3,NA,"1",0,0,1,0
"691",2033,3,2,4,NA,"1",1,0,1,0
"692",2034,3,2,1,NA,"1",0,0,1,0
"693",2035,3,2,4,NA,"1",0,0,0,0
"694",2036,3,2,4,NA,"1",0,0,1,0
"695",2037,3,2,2,NA,"1",0,0,1,1
"696",2038,3,2,4,NA,"1",0,0,0,0
"697",2039,3,2,2,NA,"1",0,0,1,0
"698",2040,3,2,4,NA,"1",0,0,0,0
"699",2041,3,2,4,NA,"1",0,0,0,0
"700",2042,3,2,4,NA,"1",0,0,1,0
"701",2043,3,2,4,NA,"1",0,0,1,0
"702",2044,3,2,4,NA,"1",0,0,1,0
"703",2045,3,2,4,NA,"1",0,0,1,0
"704",2046,3,2,2,NA,"1",0,0,1,0
"705",2047,3,2,2,NA,"1",1,0,1,0
"706",2048,3,2,4,NA,"1",1,0,1,0
"707",2049,3,2,2,NA,"1",1,0,1,0
"708",2050,3,2,4,NA,"1",0,0,1,0
"709",2051,3,2,4,NA,"1",0,0,1,0
"710",2052,3,2,4,NA,"1",0,0,1,0
"711",2053,3,2,4,NA,"1",1,0,1,0
"712",2054,3,2,4,NA,"1",1,0,1,0
"713",2055,3,2,4,NA,"1",0,0,0,0
"714",2056,3,2,4,NA,"1",0,0,1,0
"715",2057,3,2,4,NA,"1",0,0,1,0
"716",2058,3,2,4,NA,"1",0,0,1,0
"717",2059,3,2,4,NA,"1",0,0,0,0
"718",2060,3,2,3,NA,"1",0,0,0,0
"719",2061,3,2,4,NA,"1",1,0,1,0
"720",2062,3,2,4,NA,"1",0,0,1,0
"721",2063,3,2,4,NA,"1",1,0,1,0
"722",2064,3,2,4,NA,"1",0,0,1,1
"723",2065,3,2,4,NA,"1",0,0,1,0
"724",2066,3,2,4,NA,"1",1,0,1,0
"725",2067,3,2,4,NA,"1",1,0,0,0
"726",2068,3,2,4,NA,"1",0,0,1,0
"727",2069,3,2,4,NA,"1",0,0,1,0
"728",2070,3,2,1,NA,"1",0,0,1,0
"729",2071,3,2,4,NA,"1",0,0,1,1
"730",2072,3,2,1,NA,"1",0,0,1,0
"731",2073,3,2,4,NA,"1",0,0,1,0
"732",2074,3,2,4,NA,"1",0,0,1,0
"733",2075,3,2,4,NA,"1",0,0,1,0
"734",2076,3,2,4,NA,"1",0,0,0,0
"735",2077,3,2,1,NA,"1",0,0,1,0
"736",2078,3,2,2,NA,"1",1,0,1,0
"737",2079,3,2,4,NA,"1",1,0,1,0
"738",2080,3,2,4,NA,"1",0,0,1,0
"739",2081,3,2,2,NA,"1",0,0,1,0
"740",2082,3,2,4,NA,"1",1,0,1,0
"741",2083,3,2,1,NA,"1",0,0,1,0
"742",2084,3,2,4,NA,"1",0,0,1,0
"743",2085,3,2,4,NA,"1",1,0,1,1
"744",2086,3,2,4,NA,"1",0,0,1,0
"745",2087,3,2,4,NA,"1",0,0,1,0
"746",2088,3,2,4,NA,"1",0,0,1,0
"747",2089,3,2,1,NA,"1",0,0,1,0
"748",2090,3,2,4,NA,"1",1,0,1,0
"749",2091,3,2,4,NA,"1",1,0,1,0
"750",2092,3,2,2,NA,"1",0,0,1,0
"751",2093,3,2,4,NA,"1",0,0,1,0
"752",2094,3,2,4,NA,"1",1,0,0,0
"753",2095,3,2,1,NA,"1",0,0,0,0
"754",2096,3,2,1,NA,"1",1,0,1,0
"755",2097,3,2,2,NA,"1",0,0,1,0
"756",2098,3,2,4,NA,"1",0,0,1,0
"757",2099,3,2,2,NA,"1",0,0,1,0
"758",2100,3,2,4,NA,"1",1,0,1,0
"759",2101,3,2,2,NA,"1",0,0,1,0
"760",2102,3,2,4,NA,"1",0,0,1,0
"761",2103,3,2,4,NA,"1",0,0,0,0
"762",2104,3,2,4,NA,"1",0,0,1,0
"763",2105,3,2,4,NA,"1",0,0,1,0
"764",2106,3,2,4,NA,"1",0,0,1,0
"765",2107,3,2,4,NA,"1",1,0,1,0
"766",2108,3,2,4,NA,"1",0,0,1,0
"767",2109,3,2,4,NA,"1",0,0,1,0
"768",2110,3,2,4,NA,"1",0,0,1,1
"769",2111,3,2,4,NA,"1",0,0,1,0
"770",2112,3,2,4,NA,"1",0,0,0,1
"771",2113,3,2,4,NA,"1",0,0,1,0
"772",2114,3,2,4,NA,"1",0,0,1,0
"773",2115,3,2,4,NA,"1",1,0,1,0
"774",2116,3,2,4,NA,"1",1,0,1,1
"775",2117,3,2,2,NA,"1",0,0,1,1
"776",2118,3,2,4,NA,"1",1,0,1,0
"777",2119,3,2,4,NA,"1",0,0,1,0
"778",2120,3,2,4,NA,"1",0,0,1,0
"779",2121,3,2,4,NA,"1",0,0,1,0
"780",2122,3,2,4,NA,"1",0,0,1,0
"781",2123,3,2,4,NA,"1",1,0,1,1
"782",2124,3,2,4,NA,"1",0,0,1,0
"783",2125,3,2,4,NA,"1",0,0,1,0
"784",2126,3,2,4,NA,"1",0,0,1,0
"785",2127,3,2,4,NA,"1",1,0,1,0
"786",2128,3,2,1,NA,"1",0,1,0,0
"787",2129,3,2,2,NA,"1",0,0,1,0
"788",2130,3,2,1,NA,"1",0,0,1,0
"789",2131,3,2,4,NA,"1",0,0,1,0
"790",2132,3,2,4,NA,"1",0,0,0,0
"791",2133,3,2,4,NA,"1",0,0,1,0
"792",2134,3,2,4,NA,"1",0,0,1,0
"793",2135,3,2,4,NA,"1",0,0,1,0
"794",2136,3,2,3,NA,"1",0,0,1,1
"795",2137,3,2,4,NA,"1",1,0,1,0
"796",2138,3,2,4,NA,"1",0,0,1,0
"797",2139,3,2,4,NA,"1",1,0,1,0
"798",2140,3,2,4,NA,"1",0,0,1,0
"799",2141,3,2,4,NA,"1",0,0,1,0
"800",2142,3,2,1,NA,"1",0,0,1,0
"801",2143,3,2,4,NA,"1",1,0,1,0
"802",2144,3,2,1,NA,"1",0,0,1,0
"803",2145,3,2,4,NA,"1",1,0,1,0
"804",2146,3,2,2,NA,"1",0,0,1,0
"805",2147,3,2,4,NA,"1",0,0,0,0
"806",2148,3,2,4,NA,"1",0,0,0,1
"807",2149,3,2,4,NA,"1",0,0,1,0
"808",2150,3,2,4,NA,"1",0,0,1,0
"809",2151,3,2,4,NA,"1",0,0,1,0
"810",2152,3,2,2,NA,"1",0,0,1,0
"811",2153,3,2,4,NA,"1",1,0,1,0
"812",2154,3,2,1,NA,"1",0,0,1,0
"813",2155,3,2,4,NA,"1",0,0,1,0
"814",2156,3,2,4,NA,"1",0,0,1,0
"815",2157,3,2,4,NA,"1",1,0,1,1
"816",2158,3,2,4,NA,"1",0,1,0,0
"817",2159,3,2,4,NA,"1",1,0,1,0
"818",2160,3,2,1,NA,"1",0,0,1,0
"819",2161,3,2,4,NA,"1",0,0,1,0
"820",2162,3,2,4,NA,"1",0,0,1,1
"821",2163,3,2,4,NA,"1",1,0,1,0
"822",2164,3,2,4,NA,"1",1,0,1,0
"823",2165,3,2,4,NA,"1",0,0,1,0
"824",2166,3,2,4,NA,"1",0,0,0,0
"825",2167,3,2,4,NA,"1",0,0,1,0
"826",2168,3,2,4,NA,"1",1,0,0,0
"827",2169,3,2,4,NA,"1",0,0,0,0
"828",2170,3,2,2,NA,"1",0,0,1,0
"829",2171,3,2,1,NA,"1",0,0,1,0
"830",2172,3,2,4,NA,"1",0,0,0,0
"831",2173,3,2,4,NA,"1",0,0,1,0
"832",2174,3,2,4,NA,"1",0,0,1,0
"833",2175,3,2,4,NA,"1",0,0,1,0
"834",2176,3,2,4,NA,"1",0,0,0,0
"835",2177,3,2,4,NA,"1",0,0,1,0
"836",2178,3,2,4,NA,"1",0,0,1,0
"837",2179,3,2,4,NA,"1",1,0,1,1
"838",2180,3,2,4,NA,"1",0,0,1,0
"839",2181,3,2,2,NA,"1",0,0,1,0
"840",2182,3,2,4,NA,"1",0,0,1,0
"841",2183,3,2,4,NA,"1",0,0,1,1
"842",2184,3,2,4,NA,"1",0,0,1,0
"843",2185,3,2,4,NA,"1",0,0,1,0
"844",2186,3,2,4,NA,"1",0,0,1,0
"845",2187,3,2,4,NA,"1",0,0,1,0
"846",2188,3,2,4,NA,"1",0,0,1,0
"847",2189,3,2,1,NA,"1",0,0,1,0
"848",2190,3,2,4,NA,"1",0,0,1,0
"849",2191,3,2,4,NA,"1",0,0,1,0
"850",2192,3,2,4,NA,"1",1,0,1,1
"851",2193,3,2,2,NA,"1",0,0,1,0
"852",2194,3,2,4,NA,"1",0,0,1,0
"853",2195,3,2,4,NA,"1",0,0,1,0
"854",2196,3,2,4,NA,"1",1,0,1,1
"855",2197,3,2,4,NA,"1",1,0,1,0
"856",2198,3,2,4,NA,"1",0,0,1,0
"857",2199,3,2,4,NA,"1",0,0,0,0
"858",2200,3,2,4,NA,"1",0,0,1,0
"859",2201,3,2,4,NA,"1",0,0,1,0
"860",2202,3,2,4,NA,"1",0,0,1,0
"861",2203,3,2,4,NA,"1",0,1,1,1
"862",2204,3,2,2,NA,"1",0,0,1,0
"863",2205,3,2,4,NA,"1",0,0,1,0
"864",2206,3,2,1,NA,"1",0,0,1,0
"865",2207,3,2,1,NA,"1",0,0,1,0
"866",2208,3,2,4,NA,"1",0,0,1,0
"867",2209,3,2,4,NA,"1",0,0,1,0
"868",2210,3,2,2,NA,"1",0,0,1,0
"869",2211,3,2,4,NA,"1",0,0,1,0
"870",2212,3,2,4,NA,"1",0,0,1,1
"871",2213,3,2,1,NA,"1",0,0,1,0
"872",2214,3,2,4,NA,"1",0,0,0,0
"873",2215,3,2,4,NA,"1",0,0,1,1
"874",2216,3,2,4,NA,"1",0,0,1,0
"875",2217,3,2,4,NA,"1",0,0,1,0
"876",2218,3,2,4,NA,"1",0,0,0,0
"877",2219,3,2,1,NA,"1",0,0,1,0
"878",2220,3,2,4,NA,"1",0,0,1,0
"879",2221,3,2,4,NA,"1",1,0,1,0
"880",2222,3,2,4,NA,"1",1,0,1,0
"881",2223,3,2,4,NA,"1",0,0,1,0
"882",2224,3,2,4,NA,"1",0,0,1,0
"883",2225,3,2,4,NA,"1",0,0,0,0
"884",2226,3,2,4,NA,"1",0,0,1,0
"885",2227,3,2,4,NA,"1",1,0,1,0
"886",2228,3,2,4,NA,"1",0,0,0,0
"887",2229,3,2,2,NA,"1",0,0,1,1
"888",2230,3,2,1,NA,"1",0,0,1,0
"889",2231,3,2,4,NA,"1",0,0,1,0
"890",2232,3,2,4,NA,"1",0,0,1,0
"891",2233,3,2,4,NA,"1",0,0,0,0
"892",2234,3,2,4,NA,"1",0,0,1,0
"893",2235,3,2,4,NA,"1",0,0,1,0
"894",2236,3,2,2,NA,"1",0,0,1,0
"895",2237,3,2,4,NA,"1",0,0,1,1
"896",2238,3,2,4,NA,"1",0,0,1,0
"897",2239,3,2,4,NA,"1",0,0,1,0
"898",2240,3,2,2,NA,"1",0,0,0,0
"899",2241,3,2,1,NA,"1",0,0,1,0
"900",2242,3,2,4,NA,"1",0,0,1,0
"901",2243,3,2,2,NA,"1",1,0,1,0
"902",2244,3,2,4,NA,"1",0,0,1,0
"903",2245,3,2,2,NA,"1",1,1,1,0
"904",2246,3,2,1,NA,"1",0,0,1,0
"905",2247,3,2,4,NA,"1",0,0,1,0
"906",2248,3,2,4,NA,"1",0,0,1,0
"907",2249,3,2,4,NA,"1",0,0,1,0
"908",2250,3,2,4,NA,"1",0,0,0,0
"909",2251,3,2,4,NA,"1",0,0,0,1
"910",2252,3,2,4,NA,"1",0,0,1,1
"911",2253,3,2,2,NA,"1",0,0,1,0
"912",2254,3,2,4,NA,"1",1,1,1,0
"913",2255,3,2,4,NA,"1",0,0,1,0
"914",2256,3,2,4,NA,"1",0,0,1,1
"915",2257,3,2,4,NA,"1",0,0,0,0
"916",2258,3,2,4,NA,"1",0,0,1,0
"917",2259,3,2,4,NA,"1",0,0,0,0
"918",2260,3,2,1,NA,"1",1,0,1,0
"919",2261,3,2,4,NA,"1",0,0,1,0
"920",2262,3,2,4,NA,"1",1,0,0,0
"921",2263,3,2,4,NA,"1",0,0,1,0
"922",2264,3,2,4,NA,"1",0,0,0,0
"923",2265,3,2,4,NA,"1",0,0,1,0
"924",2266,3,2,4,NA,"1",0,0,1,1
"925",2267,3,2,4,NA,"1",0,0,1,0
"926",2268,3,2,4,NA,"1",0,0,1,0
"927",2269,3,2,4,NA,"1",0,1,1,1
"928",2270,3,2,2,NA,"1",0,0,1,0
"929",2271,3,2,2,NA,"1",0,0,1,0
"930",2272,3,2,1,NA,"1",0,0,0,0
"931",2273,3,2,4,NA,"1",1,0,1,1
"932",2274,3,2,2,NA,"1",1,0,1,0
"933",2275,3,2,4,NA,"1",0,0,1,0
"934",2276,3,2,4,NA,"1",0,0,1,0
"935",2277,3,2,4,NA,"1",0,0,1,0
"936",2278,3,2,4,NA,"1",1,0,1,0
"937",2279,3,2,4,NA,"1",0,0,1,0
"938",2280,3,2,4,NA,"1",0,0,1,0
"939",2281,3,2,4,NA,"1",0,0,1,0
"940",2282,3,2,1,NA,"1",0,0,1,0
"941",2283,3,2,4,NA,"1",0,0,1,0
"942",2284,3,2,4,NA,"1",1,0,1,0
"943",2285,3,2,4,NA,"1",0,0,1,0
"944",2286,3,2,2,NA,"1",0,0,1,0
"945",2287,3,2,4,NA,"1",0,0,1,1
"946",2288,3,2,2,NA,"1",1,0,1,0
"947",2289,3,2,4,NA,"1",0,0,1,0
"948",2290,3,2,4,NA,"1",0,0,1,0
"949",2291,3,2,4,NA,"1",0,0,1,0
"950",2292,3,2,2,NA,"1",0,0,1,0
"951",2293,3,2,4,NA,"1",1,0,1,0
"952",2294,3,2,4,NA,"1",0,0,1,0
"953",2295,3,2,4,NA,"1",1,0,1,1
"954",2296,3,2,4,NA,"1",0,0,1,0
"955",2297,3,2,4,NA,"1",1,0,1,0
"956",2298,3,2,4,NA,"1",0,0,0,0
"957",2299,3,2,4,NA,"1",0,0,1,0
"958",2300,3,2,4,NA,"1",0,0,1,0
"959",2301,3,2,4,NA,"1",0,0,1,0
"960",2302,3,2,2,NA,"1",1,0,1,0
"961",2303,3,2,4,NA,"1",0,0,1,0
"962",2304,3,2,4,NA,"1",0,0,1,0
"963",2305,3,2,4,NA,"1",1,0,1,0
"964",2306,3,2,4,NA,"1",0,0,1,1
"965",2307,3,2,4,NA,"1",1,0,1,0
"966",2308,3,2,4,NA,"1",0,0,1,0
"967",2309,3,2,4,NA,"1",0,0,1,0
"968",2310,3,2,4,NA,"1",0,0,1,0
"969",2311,3,2,4,NA,"1",0,0,1,0
"970",2312,3,2,4,NA,"1",0,0,1,0
"971",2313,3,2,4,NA,"1",0,0,1,0
"972",2314,3,2,4,NA,"1",1,0,1,0
"973",2315,3,2,4,NA,"1",0,0,1,0
"974",2316,3,2,4,NA,"1",1,0,1,1
"975",2317,3,2,4,NA,"1",0,0,0,0
"976",2318,3,2,4,NA,"1",0,0,1,0
"977",2319,3,2,4,NA,"1",0,0,1,0
"978",2320,3,2,1,NA,"1",0,0,1,0
"979",2321,3,2,4,NA,"1",0,0,1,0
"980",2322,3,2,4,NA,"1",0,0,0,0
"981",2323,3,2,4,NA,"1",0,0,1,0
"982",2324,3,2,4,NA,"1",0,0,1,0
"983",2325,3,2,4,NA,"1",0,0,1,0
"984",2326,3,2,4,NA,"1",0,1,0,0
"985",2327,3,2,4,NA,"1",0,0,1,0
"986",2328,3,2,4,NA,"1",0,0,1,0
"987",2329,3,2,4,NA,"1",0,0,1,0
"988",2330,3,2,4,NA,"1",0,0,1,0
"989",2331,3,2,4,NA,"1",0,0,0,0
"990",2332,3,2,4,NA,"1",0,0,1,0
"991",2333,3,2,4,NA,"1",1,0,1,1
"992",2334,3,2,4,NA,"1",1,0,1,0
"993",2335,3,2,4,NA,"1",0,0,1,0
"994",2336,3,2,1,NA,"1",0,0,1,0
"995",2337,3,2,4,NA,"1",0,0,1,0
"996",2338,3,2,1,NA,"1",0,0,1,0
"997",2339,3,2,4,NA,"1",0,0,1,0
"998",2340,3,2,4,NA,"1",0,0,1,0
"999",2341,3,2,4,NA,"1",0,0,1,0
"1000",2342,3,2,4,NA,"1",0,0,1,0
"1001",2343,3,2,4,NA,"1",0,0,1,0
"1002",2344,3,2,4,NA,"1",1,0,1,0
"1003",2345,3,2,2,NA,"1",0,0,1,0
"1004",2346,3,2,2,NA,"1",0,0,0,0
"1005",2347,3,2,4,NA,"1",1,0,1,0
"1006",2348,3,2,4,NA,"1",0,0,1,0
"1007",2349,3,2,4,NA,"1",1,0,1,1
"1008",2350,3,2,4,NA,"1",0,1,0,0
"1009",2351,3,2,4,NA,"1",0,0,1,1
"1010",2352,3,2,4,NA,"1",0,0,1,0
"1011",2353,3,2,4,NA,"1",0,0,1,0
"1012",2354,3,2,4,NA,"1",0,0,1,0
"1013",2355,3,2,4,NA,"1",0,0,1,0
"1014",2356,3,2,4,NA,"1",0,0,1,0
"1015",2357,3,2,2,NA,"1",0,0,1,0
"1016",2358,3,2,1,NA,"1",0,0,0,0
"1017",2359,3,2,4,NA,"1",0,1,1,1
"1018",2360,3,2,4,NA,"1",1,0,1,1
"1019",2361,3,2,4,NA,"1",0,1,1,1
"1020",2362,3,2,4,NA,"1",0,0,1,1
"1021",2363,3,2,4,NA,"1",0,1,1,0
"1022",2364,3,2,4,NA,"1",0,0,1,0
"1023",2365,3,2,3,NA,"1",0,0,1,0
"1024",2366,3,2,4,NA,"1",0,0,1,0
"1025",2367,3,2,4,NA,"1",0,0,1,0
"1026",2368,3,2,4,NA,"1",0,0,1,0
"1027",2369,3,2,4,NA,"1",1,0,1,0
"1028",2370,3,2,4,NA,"1",0,0,1,0
"1029",2371,3,2,4,NA,"1",1,1,1,0
"1030",2372,3,2,4,NA,"1",0,0,1,1
"1031",2373,3,2,4,NA,"1",1,0,1,0
"1032",2374,3,2,2,NA,"1",0,0,1,0
"1033",2375,3,2,4,NA,"1",0,1,0,0
"1034",2376,3,2,4,NA,"1",0,0,1,0
"1035",2377,3,2,2,NA,"1",0,0,1,0
"1036",2378,3,2,2,NA,"1",0,0,1,0
"1037",2379,3,2,2,NA,"1",0,0,1,0
"1038",2380,3,2,4,NA,"1",1,0,1,0
"1039",2381,3,2,4,NA,"1",0,0,1,0
"1040",2382,3,2,4,NA,"1",1,0,1,0
"1041",2383,3,2,4,NA,"1",0,0,1,0
"1042",2384,3,2,4,NA,"1",1,0,1,0
"1043",2385,3,2,2,NA,"1",1,0,1,0
"1044",2386,3,2,2,NA,"1",0,0,1,0
"1045",2387,3,2,4,NA,"1",0,0,1,0
"1046",2388,3,2,4,NA,"1",0,0,1,0
"1047",2389,3,2,4,NA,"1",0,0,1,0
"1048",2390,3,2,4,NA,"1",0,0,1,0
"1049",2391,3,2,4,NA,"1",0,0,0,0
"1050",2392,3,2,4,NA,"1",1,0,0,1
"1051",2393,3,2,4,NA,"1",0,0,1,0
"1052",2394,3,2,4,NA,"1",1,0,1,0
"1053",2395,3,2,4,NA,"1",0,0,1,0
"1054",2396,3,2,4,NA,"1",0,0,1,0
"1055",2397,3,2,2,NA,"1",0,0,1,0
"1056",2398,3,2,4,NA,"1",0,0,1,0
"1057",2399,3,2,4,NA,"1",0,0,0,0
"1058",2400,3,2,1,NA,"1",0,0,1,0
"1059",2401,3,2,4,NA,"1",0,0,1,0
"1060",2402,3,2,4,NA,"1",0,0,1,0
"1061",2403,3,2,4,NA,"1",0,0,1,0
"1062",2404,3,2,4,NA,"1",0,0,1,0
"1063",2405,3,2,2,NA,"1",0,0,0,0
"1064",2406,3,2,4,NA,"1",0,0,0,0
"1065",2407,3,2,4,NA,"1",0,0,1,0
"1066",2408,3,2,4,NA,"1",0,0,1,0
"1067",2409,3,2,4,NA,"1",0,0,1,0
"1068",2410,3,2,4,NA,"1",0,0,1,0
"1069",2411,3,2,4,NA,"1",0,0,1,0
"1070",2412,3,2,4,NA,"1",0,0,1,0
"1071",2413,3,2,4,NA,"1",1,1,1,1
"1072",2414,3,2,2,NA,"1",0,0,1,0
"1073",2415,3,2,4,NA,"1",0,0,1,0
"1074",2416,3,2,4,NA,"1",0,0,1,0
"1075",2417,3,2,1,NA,"1",0,0,1,0
"1076",2418,3,2,4,NA,"1",0,0,1,0
"1077",2419,3,2,4,NA,"1",0,0,1,0
"1078",2420,3,2,4,NA,"1",0,0,1,0
"1079",2421,3,2,4,NA,"1",0,0,1,0
"1080",2422,3,2,4,NA,"1",0,0,0,0
"1081",2423,3,2,1,NA,"1",1,0,1,0
"1082",2424,3,2,4,NA,"1",1,0,1,0
"1083",2425,3,2,4,NA,"1",0,0,0,0
"1084",2426,3,2,4,NA,"1",0,0,1,0
"1085",2427,3,2,2,NA,"1",0,0,1,0
"1086",2428,3,2,1,NA,"1",0,0,1,0
"1087",2429,3,2,4,NA,"1",0,0,0,0
"1088",2430,3,2,4,NA,"1",0,0,1,0
"1089",2431,3,2,4,NA,"1",1,0,1,0
"1090",2432,3,2,4,NA,"1",0,0,1,0
"1091",2433,3,2,4,NA,"1",0,0,1,0
"1092",2434,3,2,1,NA,"1",0,0,1,0
"1093",2435,3,2,4,NA,"1",0,0,1,0
"1094",2436,3,2,4,NA,"1",0,0,1,0
"1095",2437,3,2,4,NA,"1",0,0,1,0
"1096",2438,3,2,4,NA,"1",0,0,1,0
"1097",2439,3,2,4,NA,"1",0,0,1,0
"1098",2440,3,2,4,NA,"1",0,0,1,0
"1099",2441,3,2,4,NA,"1",0,0,1,0
"1100",2442,3,2,2,NA,"1",0,0,1,0
"1101",2443,3,2,4,NA,"1",0,0,1,0
"1102",2444,3,2,4,NA,"1",0,0,1,0
"1103",2445,3,2,4,NA,"1",0,0,1,0
"1104",2446,3,2,4,NA,"1",0,0,1,0
"1105",2447,3,2,4,NA,"1",0,0,1,1
"1106",2448,3,2,4,NA,"1",1,0,1,1
"1107",2449,3,2,4,NA,"1",0,0,0,0
"1108",2450,3,2,4,NA,"1",0,0,1,0
"1109",2451,3,2,4,NA,"1",0,0,1,0
"1110",2452,3,2,4,NA,"1",0,0,0,0
"1111",2453,3,2,4,NA,"1",0,0,1,0
"1112",2454,3,2,1,NA,"1",0,0,1,0
"1113",2455,3,2,4,NA,"1",0,0,1,0
"1114",2456,3,2,4,NA,"1",0,0,1,0
"1115",2457,3,2,4,NA,"1",0,0,1,1
"1116",2458,3,2,2,NA,"1",0,0,1,0
"1117",2459,3,2,4,NA,"1",0,0,1,0
"1118",2460,3,2,4,NA,"1",0,0,1,0
"1119",2461,3,2,4,NA,"1",0,0,1,0
"1120",2462,3,2,4,NA,"1",0,0,1,0
"1121",2463,3,2,4,NA,"1",0,1,0,0
"1122",2464,3,2,4,NA,"1",0,0,1,0
"1123",2465,3,2,4,NA,"1",1,0,0,0
"1124",2466,3,2,4,NA,"1",1,1,1,0
"1125",2467,3,2,4,NA,"1",0,1,1,1
"1126",2468,3,2,4,NA,"1",1,0,1,1
"1127",2469,3,2,3,NA,"1",1,0,1,0
"1128",2470,3,2,4,NA,"1",0,0,1,0
"1129",2471,3,2,2,NA,"1",0,0,1,0
"1130",2472,3,2,4,NA,"1",1,0,1,0
"1131",2473,3,2,4,NA,"1",0,0,1,0
"1132",2474,3,2,4,NA,"1",0,0,1,0
"1133",2475,3,2,4,NA,"1",0,0,0,0
"1134",2476,3,2,2,NA,"1",0,0,1,0
"1135",2477,3,2,4,NA,"1",0,0,1,0
"1136",2478,3,2,4,NA,"1",0,0,1,0
"1137",2479,3,2,4,NA,"1",0,0,1,0
"1138",2480,3,2,4,NA,"1",0,0,1,0
"1139",2481,3,2,4,NA,"1",0,0,1,0
"1140",2482,3,2,4,NA,"1",1,1,1,1
"1141",2483,3,2,4,NA,"1",0,0,1,0
"1142",2484,3,2,4,NA,"1",0,0,1,0
"1143",2485,3,2,4,NA,"1",0,0,0,0
"1144",2486,3,2,1,NA,"1",0,0,0,0
"1145",2487,3,2,1,NA,"1",0,0,1,1
"1146",2488,3,2,4,NA,"1",1,0,1,1
"1147",2489,3,2,4,NA,"1",0,0,1,0
"1148",2490,3,2,4,NA,"1",0,0,0,0
"1149",2491,3,2,4,NA,"1",1,0,1,0
"1150",2492,3,2,4,NA,"1",0,0,1,0
"1151",2493,3,2,4,NA,"1",1,0,1,0
"1152",2494,3,2,1,NA,"1",1,0,1,0
"1153",2495,3,2,4,NA,"1",0,0,1,0
"1154",2496,3,2,4,NA,"1",0,0,1,0
"1155",2497,3,2,3,NA,"1",1,1,1,0
"1156",2498,3,2,4,NA,"1",0,0,0,0
"1157",2499,3,2,4,NA,"1",0,0,1,0
"1158",2500,3,2,2,NA,"1",0,0,1,0
"1159",2501,3,2,1,NA,"1",0,0,1,0
"1160",2502,3,2,3,NA,"1",0,0,1,0
"1161",2503,3,2,4,NA,"1",0,0,1,0
"1162",2504,3,2,2,NA,"1",0,0,1,0
"1163",2505,3,2,4,NA,"1",0,0,1,0
"1164",2506,3,2,4,NA,"1",0,0,1,0
"1165",2507,3,2,4,NA,"1",0,0,1,0
"1166",2508,3,2,2,NA,"1",0,0,1,0
"1167",2509,3,2,4,NA,"1",0,0,1,0
"1168",2510,3,2,2,NA,"1",0,0,0,0
"1169",2511,3,2,4,NA,"1",0,0,1,0
"1170",2512,3,2,4,NA,"1",0,0,1,0
"1171",2513,3,2,4,NA,"1",0,0,1,0
"1172",2514,3,2,4,NA,"1",0,0,1,0
"1173",2515,3,2,4,NA,"1",0,0,1,0
"1174",2516,3,2,4,NA,"1",1,0,1,0
"1175",2517,3,2,3,NA,"1",0,0,1,0
"1176",2518,3,2,4,NA,"1",0,0,0,0
"1177",2519,3,2,4,NA,"1",1,0,0,0
"1178",2520,3,2,4,NA,"1",0,0,1,0
"1179",2521,3,2,4,NA,"1",0,0,1,0
"1180",2522,3,2,4,NA,"1",0,0,1,0
"1181",2523,3,2,4,NA,"1",1,0,1,0
"1182",2524,3,2,2,NA,"1",0,0,1,0
"1183",2525,3,2,2,NA,"1",0,0,1,0
"1184",2526,3,2,2,NA,"1",0,0,1,0
"1185",2527,3,2,4,NA,"1",0,0,1,0
"1186",2528,3,2,4,NA,"1",1,0,1,1
"1187",2529,3,2,4,NA,"1",0,0,1,0
"1188",2530,3,2,2,NA,"1",0,0,1,0
"1189",2531,3,2,4,NA,"1",0,0,1,0
"1190",2532,3,2,4,NA,"1",0,0,1,0
"1191",2533,3,2,4,NA,"1",0,0,1,0
"1192",2534,3,2,4,NA,"1",0,0,1,1
"1193",2535,3,2,4,NA,"1",1,0,1,0
"1194",2536,3,2,1,NA,"1",0,0,1,0
"1195",2537,3,2,4,NA,"1",0,0,0,0
"1196",2538,3,2,4,NA,"1",0,0,1,0
"1197",2539,3,2,4,NA,"1",0,0,0,0
"1198",2540,3,2,4,NA,"1",0,0,0,1
"1199",2541,3,2,4,NA,"1",0,0,1,0
"1200",2542,3,2,4,NA,"1",0,0,1,0
"1201",2543,3,2,4,NA,"1",0,0,1,0
"1202",2544,3,2,2,NA,"1",0,0,1,0
"1203",2545,3,2,4,NA,"1",1,0,1,0
"1204",2546,3,2,2,NA,"1",0,0,1,0
"1205",2547,3,2,4,NA,"1",0,0,1,0
"1206",2548,3,2,4,NA,"1",0,0,1,0
"1207",2549,3,2,2,NA,"1",0,0,1,0
"1208",2550,3,2,4,NA,"1",1,1,1,0
"1209",2551,3,2,4,NA,"1",1,0,1,0
"1210",2552,3,2,2,NA,"1",1,0,1,0
"1211",2553,3,2,4,NA,"1",0,0,1,0
"1212",2554,3,2,4,NA,"1",0,0,1,0
"1213",2555,3,2,4,NA,"1",0,0,1,0
"1214",2556,3,2,4,NA,"1",0,0,1,0
"1215",2557,3,2,4,NA,"1",0,0,1,0
"1216",2558,3,2,4,NA,"1",0,0,1,0
"1217",2559,3,2,4,NA,"1",0,1,1,0
"1218",2560,3,2,4,NA,"1",1,0,1,0
"1219",2561,3,2,4,NA,"1",0,0,1,0
"1220",2562,3,2,1,NA,"1",0,0,1,0
"1221",2563,3,2,2,NA,"1",0,0,1,0
"1222",2564,3,2,4,NA,"1",1,0,1,0
"1223",2565,3,2,4,NA,"1",0,0,1,0
"1224",2566,3,2,1,NA,"1",0,0,1,0
"1225",2567,3,2,4,NA,"1",0,0,1,0
"1226",2568,3,2,4,NA,"1",0,0,1,0
"1227",2569,3,2,1,NA,"1",0,0,1,0
"1228",2570,3,2,1,NA,"1",1,0,0,0
"1229",2571,3,2,4,NA,"1",1,0,1,0
"1230",2572,3,2,4,NA,"1",0,0,1,0
"1231",2573,3,2,1,NA,"1",0,0,0,0
"1232",2574,3,2,3,NA,"1",0,0,1,0
"1233",2575,3,2,4,NA,"1",1,0,1,0
"1234",2576,3,2,4,NA,"1",0,0,1,1
"1235",2577,3,2,4,NA,"1",0,0,0,0
"1236",2578,3,2,4,NA,"1",0,0,0,0
"1237",2579,3,2,4,NA,"1",0,0,1,0
"1238",2580,3,2,4,NA,"1",0,0,1,0
"1239",2581,3,2,4,NA,"1",0,0,1,0
"1240",2582,3,2,2,NA,"1",0,0,1,0
"1241",2583,3,2,4,NA,"1",0,0,1,0
"1242",2584,3,2,4,NA,"1",0,0,1,0
"1243",2586,3,2,4,NA,"1",1,0,1,0
"1244",2587,3,2,4,NA,"1",1,0,1,0
"1245",2588,3,2,2,NA,"1",1,0,1,0
"1246",2589,3,2,4,NA,"1",0,1,1,0
"1247",2590,3,2,4,NA,"1",0,0,1,0
"1248",2591,3,2,4,NA,"1",1,0,1,0
"1249",2592,3,2,4,NA,"1",1,0,0,0
"1250",2593,3,2,4,NA,"1",0,0,1,0
"1251",2594,3,2,4,NA,"1",0,0,1,0
"1252",2595,3,2,4,NA,"1",0,0,1,0
"1253",2596,3,2,4,NA,"1",1,0,1,0
"1254",2597,3,2,4,NA,"1",0,0,1,0
"1255",2598,3,2,4,NA,"1",0,0,1,0
"1256",2599,3,2,4,NA,"1",0,0,1,0
"1257",2600,3,2,4,NA,"1",1,0,1,0
"1258",2601,3,2,4,NA,"1",0,0,1,0
"1259",2602,3,2,4,NA,"1",0,0,1,0
"1260",2603,3,2,4,NA,"1",1,0,1,0
"1261",2604,3,2,4,NA,"1",0,0,1,0
"1262",2605,3,2,4,NA,"1",0,0,1,0
"1263",2606,3,2,4,NA,"1",0,0,1,0
"1264",2607,3,2,4,NA,"1",1,0,1,1
"1265",2608,3,2,4,NA,"1",0,0,1,0
"1266",2609,3,2,4,NA,"1",0,0,1,0
"1267",2610,3,2,4,NA,"1",0,0,1,0
"1268",2611,3,2,4,NA,"1",1,0,1,0
"1269",2612,3,2,1,NA,"1",0,0,0,1
"1270",2613,3,2,1,NA,"1",0,1,1,0
"1271",2614,3,2,4,NA,"1",1,1,1,0
"1272",2615,3,2,1,NA,"1",1,0,1,0
"1273",2616,3,2,4,NA,"1",0,0,1,0
"1274",2617,3,2,4,NA,"1",0,0,1,1
"1275",2618,3,2,4,NA,"1",0,0,1,0
"1276",2619,3,2,4,NA,"1",0,0,1,0
"1277",2620,3,2,1,NA,"1",1,0,1,0
"1278",2621,3,2,4,NA,"1",1,0,1,0
"1279",2622,3,2,4,NA,"1",0,0,1,0
"1280",2623,3,2,4,NA,"1",0,0,1,0
"1281",2624,3,2,4,NA,"1",1,0,1,0
"1282",2625,3,2,1,NA,"1",0,0,1,0
"1283",2626,3,2,4,NA,"1",0,0,1,0
"1284",2627,3,2,4,NA,"1",0,0,1,0
"1285",2628,3,2,4,NA,"1",1,0,1,1
"1286",2629,3,2,1,NA,"1",0,0,1,0
"1287",2630,3,2,4,NA,"1",1,0,1,0
"1288",2631,3,2,2,NA,"1",0,0,1,0
"1289",2632,3,2,2,NA,"1",0,0,1,0
"1290",2633,3,2,4,NA,"1",1,0,1,1
"1291",2634,3,2,4,NA,"1",0,0,1,0
"1292",2635,3,2,4,NA,"1",0,0,1,0
"1293",2636,3,2,4,NA,"1",1,0,1,0
"1294",2637,3,2,4,NA,"1",0,0,1,0
"1295",2638,3,2,4,NA,"1",0,0,1,0
"1296",2639,3,2,4,NA,"1",0,0,1,0
"1297",2640,3,2,4,NA,"1",0,0,0,0
"1298",2641,3,2,2,NA,"1",0,0,1,0
"1299",2642,3,2,4,NA,"1",0,0,1,0
"1300",2643,3,2,4,NA,"1",0,0,1,0
"1301",2644,3,2,2,NA,"1",0,0,1,0
"1302",2645,3,2,4,NA,"1",0,0,1,0
"1303",2646,3,2,3,NA,"1",0,0,1,0
"1304",2647,3,2,1,NA,"1",0,0,1,0
"1305",2648,3,2,4,NA,"1",0,0,1,0
"1306",2649,3,2,4,NA,"1",0,0,1,0
"1307",2650,3,2,4,NA,"1",0,0,1,0
"1308",2651,3,2,4,NA,"1",0,0,1,0
"1309",2652,3,2,4,NA,"1",0,0,0,0
"1310",2653,3,2,4,NA,"1",1,0,1,0
"1311",2654,3,2,4,NA,"1",0,0,1,0
"1312",2655,3,2,4,NA,"1",0,0,1,0
"1313",2656,3,2,4,NA,"1",1,0,1,0
"1314",2657,3,2,4,NA,"1",1,0,1,0
"1315",2658,3,2,4,NA,"1",0,0,1,0
"1316",2659,3,2,4,NA,"1",0,0,1,0
"1317",2660,3,2,4,NA,"1",0,0,1,1
"1318",2661,3,2,4,NA,"1",0,0,1,0
"1319",2662,3,2,4,NA,"1",0,0,1,0
"1320",2663,3,2,4,NA,"1",0,0,1,0
"1321",2664,3,2,4,NA,"1",0,0,1,0
"1322",2665,3,2,4,NA,"1",0,0,1,0
"1323",2666,3,2,4,NA,"1",1,1,1,0
"1324",2667,3,2,4,NA,"1",1,0,1,0
"1325",2668,3,2,4,NA,"1",1,1,1,1
"1326",2669,3,2,4,NA,"1",0,0,1,0
"1327",2670,3,2,4,NA,"1",0,0,1,0
"1328",2671,3,2,4,NA,"1",0,0,1,0
"1329",2672,3,2,4,NA,"1",0,0,1,0
"1330",2673,3,2,4,NA,"1",0,0,1,0
"1331",2674,3,2,1,NA,"1",0,0,1,0
"1332",2675,3,2,4,NA,"1",0,0,1,0
"1333",2676,3,2,4,NA,"1",0,0,1,0
"1334",2677,3,2,4,NA,"1",1,0,1,1
"1335",2678,3,2,2,NA,"1",1,1,0,0
"1336",2679,3,2,4,NA,"1",0,0,1,0
"1337",2680,3,2,4,NA,"1",0,0,1,0
"1338",2681,3,2,4,NA,"1",0,0,1,0
"1339",2682,3,2,4,NA,"1",0,0,1,0
"1340",2683,3,2,4,NA,"1",1,0,1,1
"1341",2684,3,2,4,NA,"1",0,0,1,0
"1342",2685,3,2,4,NA,"1",0,0,0,0
"1343",2686,3,2,4,NA,"1",0,0,1,0
"1344",2687,3,2,2,NA,"1",0,0,0,0
"1345",2688,3,2,4,NA,"1",0,0,1,0
"1346",2689,3,2,4,NA,"1",1,0,0,0
"1347",2690,3,2,4,NA,"1",0,0,1,1
"1348",2691,3,2,4,NA,"1",1,0,0,1
"1349",2692,3,2,4,NA,"1",0,0,1,0
"1350",2693,3,2,4,NA,"1",0,0,1,1
"1351",2694,3,2,2,NA,"1",0,0,0,0
"1352",2695,3,2,4,NA,"1",0,0,1,0
"1353",2696,3,2,4,NA,"1",0,0,0,0
"1354",2697,3,2,4,NA,"1",0,0,1,0
"1355",2698,3,2,2,NA,"1",0,0,1,1
"1356",2699,3,2,4,NA,"1",0,0,1,0
"1357",2700,3,2,1,NA,"1",0,0,1,0
"1358",2701,3,2,4,NA,"1",0,0,1,0
"1359",2702,3,2,4,NA,"1",0,1,1,0
"1360",2703,3,2,4,NA,"1",0,0,1,0
"1361",2704,3,2,4,NA,"1",0,0,0,0
"1362",2705,3,2,4,NA,"1",0,0,1,0
"1363",2706,3,2,4,NA,"1",0,0,1,0
"1364",2707,3,2,2,NA,"1",0,0,1,0
"1365",2708,3,2,4,NA,"1",0,0,1,0
"1366",2709,3,2,4,NA,"1",0,0,0,0
"1367",2710,3,2,4,NA,"1",0,0,1,0
"1368",2711,3,2,1,NA,"1",0,0,1,0
"1369",2712,3,2,2,NA,"1",1,0,1,0
"1370",2713,3,2,4,NA,"1",1,0,1,0
"1371",2714,3,2,4,NA,"1",0,0,1,0
"1372",2715,3,2,1,NA,"1",0,1,1,1
"1373",2716,3,2,4,NA,"1",0,0,1,0
"1374",2717,3,2,4,NA,"1",0,0,1,0
"1375",2718,3,2,4,NA,"1",0,1,1,0
"1376",2719,3,2,4,NA,"1",0,0,1,0
"1377",2720,3,2,4,NA,"1",0,1,1,1
"1378",2721,3,2,4,NA,"1",0,0,1,0
"1379",2722,3,2,4,NA,"1",0,0,1,0
"1380",2723,3,2,4,NA,"1",0,0,1,0
"1381",2724,3,2,1,NA,"1",0,0,1,0
"1382",2725,3,2,4,NA,"1",0,0,1,0
"1383",2726,3,2,4,NA,"1",0,0,1,0
"1384",2727,3,2,3,NA,"1",0,0,1,0
"1385",2728,3,2,4,NA,"1",1,0,1,0
"1386",2729,3,2,4,NA,"1",0,0,1,0
"1387",2730,3,2,4,NA,"1",0,0,1,0
"1388",2731,3,2,4,NA,"1",0,0,1,0
"1389",2732,3,2,4,NA,"1",0,0,0,0
"1390",2733,3,2,1,NA,"1",0,0,1,0
"1391",2734,3,2,4,NA,"1",0,0,1,0
"1392",2735,3,2,1,NA,"1",0,0,1,0
"1393",2736,3,2,4,NA,"1",0,0,1,0
"1394",2737,3,2,4,NA,"1",0,0,1,0
"1395",2738,3,2,4,NA,"1",1,0,1,0
"1396",2739,3,2,4,NA,"1",0,0,1,0
"1397",2740,3,2,4,NA,"1",0,0,1,0
"1398",2741,3,2,4,NA,"1",0,1,1,0
"1399",2742,3,2,4,NA,"1",0,0,1,0
"1400",2743,3,2,4,NA,"1",0,0,1,0
"1401",2744,3,2,4,NA,"1",0,0,1,0
"1402",2745,3,2,4,NA,"1",0,0,1,0
"1403",2746,3,2,4,NA,"1",0,0,1,0
"1404",2747,3,2,2,NA,"1",0,1,1,0
"1405",2748,3,2,4,NA,"1",0,0,1,0
"1406",2749,3,2,3,NA,"1",0,0,1,0
"1407",2750,3,2,4,NA,"1",0,0,1,0
"1408",2751,3,2,2,NA,"1",0,0,1,0
"1409",2752,3,2,4,NA,"1",0,0,1,0
"1410",2753,3,2,4,NA,"1",0,0,0,0
"1411",2754,3,2,2,NA,"1",0,0,0,0
"1412",2755,3,2,4,NA,"1",0,0,1,0
"1413",2756,3,2,4,NA,"1",1,0,1,0
"1414",2757,3,2,4,NA,"1",0,0,1,0
"1415",2758,3,2,2,NA,"1",0,0,1,0
"1416",2759,3,2,4,NA,"1",0,0,1,0
"1417",2760,3,2,4,NA,"1",0,0,1,0
"1418",2761,3,2,4,NA,"1",0,0,1,1
"1419",2762,3,2,4,NA,"1",0,0,1,0
"1420",2763,3,2,4,NA,"1",1,0,1,0
"1421",2764,3,2,4,NA,"1",1,1,1,1
"1422",2765,3,2,4,NA,"1",0,0,0,0
"1423",2766,3,2,4,NA,"1",0,0,1,0
"1424",2767,3,2,4,NA,"1",0,0,1,0
"1425",2768,3,2,4,NA,"1",1,0,1,1
"1426",2769,3,2,4,NA,"1",0,0,1,0
"1427",2770,3,2,4,NA,"1",0,0,1,0
"1428",2771,3,2,4,NA,"1",0,0,1,1
"1429",2772,3,2,4,NA,"1",0,0,1,0
"1430",2773,3,2,1,NA,"1",0,0,1,0
"1431",2774,3,2,4,NA,"1",0,1,0,0
"1432",2775,3,2,4,NA,"1",0,0,1,0
"1433",2776,3,2,3,NA,"1",1,0,1,1
"1434",2777,3,2,4,NA,"1",0,0,0,0
"1435",2778,3,2,4,NA,"1",1,0,0,0
"1436",2779,3,2,4,NA,"1",1,0,1,0
"1437",2780,3,2,4,NA,"1",0,0,1,0
"1438",2781,3,2,4,NA,"1",0,0,1,1
"1439",2782,3,2,2,NA,"1",0,0,0,0
"1440",2783,3,2,4,NA,"1",0,0,1,0
"1441",2784,3,2,4,NA,"1",0,0,1,0
"1442",2785,3,2,4,NA,"1",1,0,1,0
"1443",2786,3,2,4,NA,"1",0,0,0,0
"1444",2787,3,2,4,NA,"1",1,0,0,1
"1445",2788,3,2,4,NA,"1",1,0,1,0
"1446",2789,3,2,1,NA,"1",0,0,1,0
"1447",2790,3,2,4,NA,"1",0,0,1,0
"1448",2791,3,2,4,NA,"1",0,0,1,0
"1449",2792,3,2,4,NA,"1",0,0,1,0
"1450",2793,3,2,2,NA,"1",1,0,1,0
"1451",2794,3,2,4,NA,"1",1,0,1,0
"1452",2795,3,2,4,NA,"1",0,0,1,0
"1453",2796,3,2,2,NA,"1",1,0,1,0
"1454",2797,3,2,4,NA,"1",0,0,1,0
"1455",2798,3,2,4,NA,"1",0,0,1,0
"1456",2799,3,2,4,NA,"1",1,0,1,0
"1457",2800,3,2,2,NA,"1",0,0,1,0
"1458",2801,3,2,3,NA,"1",1,0,1,1
"1459",2802,3,2,4,NA,"1",0,0,0,0
"1460",2803,3,2,4,NA,"1",0,0,1,0
"1461",2804,3,2,4,NA,"1",0,0,1,0
"1462",2805,3,2,4,NA,"1",0,0,1,0
"1463",2806,3,2,2,NA,"1",0,0,1,0
"1464",2807,3,2,1,NA,"1",0,0,1,0
"1465",2808,3,2,4,NA,"1",1,0,1,0
"1466",2809,3,2,4,NA,"1",0,0,1,0
"1467",2810,3,2,4,NA,"1",0,0,1,0
"1468",2811,3,2,4,NA,"1",0,0,1,0
"1469",2812,3,2,4,NA,"1",1,0,1,0
"1470",2813,3,2,4,NA,"1",1,0,1,1
"1471",2814,3,2,4,NA,"1",0,0,1,0
"1472",2815,3,2,4,NA,"1",0,1,1,1
"1473",2816,3,2,4,NA,"1",0,0,1,0
"1474",2817,3,2,4,NA,"1",0,0,1,0
"1475",2818,3,2,4,NA,"1",0,0,1,0
"1476",2819,3,2,4,NA,"1",0,0,0,0
"1477",2820,3,2,4,NA,"1",1,0,1,0
"1478",2821,3,2,4,NA,"1",1,0,1,0
"1479",2822,3,2,3,NA,"1",0,0,1,0
"1480",2823,3,2,4,NA,"1",0,0,1,0
"1481",2824,3,2,4,NA,"1",0,0,1,0
"1482",2825,3,2,4,NA,"1",0,0,1,0
"1483",2826,3,2,4,NA,"1",0,1,1,0
"1484",2827,3,2,4,NA,"1",0,0,1,0
"1485",2828,3,2,3,NA,"1",0,0,1,0
"1486",2829,3,2,4,NA,"1",1,0,1,0
"1487",2830,3,2,4,NA,"1",1,0,1,0
"1488",2831,3,2,1,NA,"1",0,0,1,0
"1489",2832,3,2,4,NA,"1",0,0,1,0
"1490",2833,3,2,2,NA,"1",0,0,1,0
"1491",2834,3,2,4,NA,"1",0,0,1,0
"1492",2835,3,2,4,NA,"1",1,0,1,0
"1493",2836,3,2,4,NA,"1",1,1,1,1
"1494",2837,3,2,4,NA,"1",0,0,1,0
"1495",2838,3,2,4,NA,"1",0,0,0,0
"1496",2839,3,2,4,NA,"1",1,0,1,1
"1497",2840,3,2,4,NA,"1",1,0,1,0
"1498",2841,3,2,4,NA,"1",0,0,1,0
"1499",2842,3,2,4,NA,"1",0,0,1,0
"1500",2843,3,2,4,NA,"1",0,0,1,0
"1501",2844,3,2,4,NA,"1",0,0,1,0
"1502",2845,3,2,4,NA,"1",0,0,1,0
"1503",2846,3,2,4,NA,"1",0,0,1,0
"1504",2847,3,2,4,NA,"1",0,0,1,1
"1505",2848,3,2,4,NA,"1",0,0,1,0
"1506",2849,3,2,4,NA,"1",0,0,1,0
"1507",2850,3,2,2,NA,"1",0,0,1,0
"1508",2851,3,2,2,NA,"1",1,0,1,0
"1509",2852,3,2,4,NA,"1",0,0,1,0
"1510",2853,3,2,4,NA,"1",0,0,1,0
"1511",2854,3,2,4,NA,"1",0,0,0,0
"1512",2855,3,2,2,NA,"1",0,0,1,0
"1513",2856,3,2,4,NA,"1",1,0,1,0
"1514",2857,3,2,2,NA,"1",0,0,1,0
"1515",2858,3,2,2,NA,"1",0,0,1,0
"1516",2859,3,2,1,NA,"1",1,0,0,0
"1517",2860,3,2,4,NA,"1",0,0,1,0
"1518",2861,3,2,4,NA,"1",0,0,1,0
"1519",2862,3,2,4,NA,"1",1,0,1,0
"1520",2863,3,2,1,NA,"1",0,0,1,0
"1521",2864,3,2,4,NA,"1",1,0,1,0
"1522",2865,3,2,1,NA,"1",0,0,1,0
"1523",2866,3,2,1,NA,"1",0,0,0,0
"1524",2867,3,2,4,NA,"1",1,0,1,1
"1525",2868,3,2,4,NA,"1",0,0,1,0
"1526",2869,3,2,4,NA,"1",0,0,1,0
"1527",2870,3,2,4,NA,"1",1,0,1,0
"1528",2871,3,3,3,1,"1",0,0,1,0
"1529",2872,3,3,3,1,"1",0,0,1,0
"1530",2873,3,3,3,1,"1",0,0,0,0
"1531",2874,3,3,3,1,"1",0,0,1,0
"1532",2875,3,3,3,1,"1",1,0,1,0
"1533",2876,3,3,3,1,"1",1,0,1,0
"1534",2877,3,3,3,1,"1",0,0,1,0
"1535",2878,3,3,3,1,"1",0,0,1,0
"1536",2879,3,3,3,1,"1",1,0,1,0
"1537",2880,3,3,3,1,"1",0,0,1,0
"1538",2881,3,3,3,1,"1",0,0,1,0
"1539",2882,3,3,3,1,"1",0,0,1,0
"1540",2883,3,3,3,1,"1",0,0,1,0
"1541",2884,3,3,3,1,"1",0,0,0,0
"1542",2885,3,3,3,1,"1",0,0,1,0
"1543",2886,3,3,3,1,"1",1,0,1,0
"1544",2887,3,3,3,1,"1",0,0,1,0
"1545",2888,3,3,3,1,"1",1,0,1,0
"1546",2889,3,3,3,1,"1",0,0,1,0
"1547",2890,3,3,3,1,"1",0,0,1,0
"1548",2891,3,3,3,2,"1",0,0,0,0
"1549",2892,3,3,3,1,"1",1,0,1,0
"1550",2893,3,3,3,1,"1",1,0,1,0
"1551",2894,3,3,3,1,"1",0,0,1,0
"1552",2895,3,3,3,1,"1",1,0,1,0
"1553",2896,3,3,3,1,"1",1,0,1,0
"1554",2897,3,3,3,1,"1",0,0,1,0
"1555",2898,3,3,3,1,"1",0,0,1,1
"1556",2899,3,3,3,1,"1",0,0,1,0
"1557",2900,3,3,3,1,"1",0,0,1,0
"1558",2901,3,3,3,1,"1",0,0,0,0
"1559",2902,3,3,3,1,"1",1,0,1,0
"1560",2903,3,3,3,1,"1",0,0,1,0
"1561",2904,3,3,3,1,"1",0,0,1,0
"1562",2905,3,3,3,1,"1",0,0,1,0
"1563",2906,3,3,3,1,"1",0,0,0,0
"1564",2907,3,3,3,1,"1",0,0,1,0
"1565",2908,3,3,3,1,"1",0,0,1,0
"1566",2909,3,3,3,1,"1",1,0,1,1
"1567",2910,3,3,3,1,"1",0,0,1,0
"1568",2911,3,3,3,1,"1",0,0,0,0
"1569",2912,3,3,3,1,"1",1,0,0,0
"1570",2913,3,3,3,1,"1",1,0,1,0
"1571",2914,3,3,3,1,"1",1,0,1,0
"1572",2915,3,3,3,1,"1",0,0,0,0
"1573",2916,3,3,3,1,"1",0,0,1,0
"1574",2917,3,3,3,1,"1",1,0,1,0
"1575",2918,3,3,3,1,"1",0,0,1,0
"1576",2919,3,3,3,1,"1",1,0,1,0
"1577",2920,3,3,3,1,"1",1,0,1,1
"1578",2921,3,3,3,1,"1",1,0,1,0
"1579",2922,3,3,3,1,"1",1,0,1,0
"1580",2923,3,3,3,1,"1",1,0,1,0
"1581",2924,3,3,3,1,"1",0,0,1,0
"1582",2925,3,3,3,1,"1",0,0,1,0
"1583",2926,3,3,3,1,"1",1,0,0,1
"1584",2927,3,3,3,1,"1",1,0,1,0
"1585",2928,3,3,3,1,"1",0,0,0,0
"1586",2929,3,3,3,1,"1",0,0,1,0
"1587",2930,3,3,3,1,"1",1,0,1,0
"1588",2931,3,3,3,1,"1",0,0,1,0
"1589",2932,3,3,3,1,"1",0,0,1,0
"1590",2933,3,3,3,1,"1",1,1,1,0
"1591",2934,3,3,3,1,"1",1,0,1,0
"1592",2935,3,3,3,1,"1",0,0,0,0
"1593",2936,3,3,3,1,"1",1,0,1,0
"1594",2937,3,3,3,1,"1",1,0,1,0
"1595",2938,3,3,3,1,"1",0,0,1,0
"1596",2939,3,3,3,1,"1",0,0,0,0
"1597",2940,3,3,3,1,"1",0,0,1,0
"1598",2941,3,3,3,1,"1",1,0,1,1
"1599",2942,3,3,3,1,"1",0,0,1,0
"1600",2943,3,3,3,1,"1",1,0,1,0
"1601",2944,3,3,3,1,"1",0,0,0,1
"1602",2945,3,3,3,1,"1",1,0,1,0
"1603",2946,2,4,2,NA,"0",0,0,0,0
"1604",2947,2,4,3,NA,"0",0,0,1,0
"1605",2948,2,4,4,NA,"0",1,0,1,0
"1606",2949,2,4,4,NA,"0",1,1,1,1
"1607",2950,2,4,2,NA,"0",1,0,1,0
"1608",2951,2,4,2,NA,"0",0,1,0,1
"1609",2952,2,4,2,NA,"0",1,0,0,0
"1610",2953,2,4,4,NA,"0",0,1,0,0
"1611",2954,2,4,4,NA,"0",0,0,1,0
"1612",2955,2,4,4,NA,"0",0,0,1,0
"1613",2956,2,4,4,NA,"0",0,0,1,1
"1614",2957,2,4,2,NA,"0",1,0,1,0
"1615",2958,2,4,4,NA,"0",0,0,1,0
"1616",2959,2,4,4,NA,"0",0,0,1,0
"1617",2960,2,4,4,NA,"0",0,0,1,0
"1618",2961,2,4,4,NA,"0",0,0,1,0
"1619",2962,2,4,4,NA,"0",0,0,0,0
"1620",2963,2,4,4,NA,"0",1,0,1,1
"1621",2964,2,4,1,NA,"0",0,0,1,0
"1622",2965,2,4,4,NA,"0",0,0,1,0
"1623",2966,2,4,4,NA,"0",0,0,1,0
"1624",2967,2,4,4,NA,"0",0,0,1,0
"1625",2968,2,4,2,NA,"0",0,0,0,0
"1626",2969,2,4,2,NA,"0",0,1,1,0
"1627",2970,2,4,4,NA,"0",0,0,1,0
"1628",2971,2,4,2,NA,"0",1,1,0,0
"1629",2972,2,4,3,NA,"0",0,0,1,0
"1630",2973,2,4,4,NA,"0",1,0,1,0
"1631",2974,2,4,4,NA,"0",1,0,1,1
"1632",2975,2,4,1,NA,"0",0,0,1,1
"1633",2976,2,4,2,NA,"0",0,1,1,0
"1634",2977,2,4,4,NA,"0",1,0,0,0
"1635",2978,2,4,4,NA,"0",0,0,1,0
"1636",2979,2,4,4,NA,"0",1,0,1,0
"1637",2980,2,4,2,NA,"0",0,0,1,0
"1638",2981,2,4,4,NA,"0",0,0,1,0
"1639",2982,2,4,1,NA,"0",0,0,1,0
"1640",2983,2,4,4,NA,"0",1,1,1,0
"1641",2984,2,4,2,NA,"0",1,0,1,0
"1642",2985,2,4,3,NA,"0",0,0,0,0
"1643",2986,2,4,4,NA,"0",0,0,1,0
"1644",2987,2,4,4,NA,"0",1,0,0,0
"1645",2988,2,4,3,NA,"0",0,0,1,0
"1646",2989,2,4,3,NA,"0",1,1,1,0
"1647",2990,2,4,4,NA,"0",0,0,0,0
"1648",2991,2,4,4,NA,"0",0,0,1,0
"1649",2992,2,4,4,NA,"0",0,1,0,0
"1650",2993,2,4,2,NA,"0",0,0,1,0
"1651",2994,2,4,2,NA,"0",0,0,1,0
"1652",2995,2,4,2,NA,"0",1,0,1,0
"1653",2996,2,4,2,NA,"0",1,0,0,0
"1654",2997,2,4,4,NA,"0",0,0,1,0
"1655",2998,2,4,4,NA,"0",0,1,1,1
"1656",2999,2,4,4,NA,"0",0,0,1,0
"1657",3000,2,4,2,NA,"0",0,0,1,0
"1658",3001,2,4,4,NA,"0",1,1,1,1
"1659",3002,2,4,4,NA,"0",0,0,1,0
"1660",3003,2,4,4,NA,"0",0,0,1,0
"1661",3004,2,4,4,NA,"0",0,0,0,0
"1662",3005,2,4,4,NA,"0",0,0,1,0
"1663",3006,2,4,2,NA,"0",1,0,1,0
"1664",3007,2,4,4,NA,"0",0,1,1,0
"1665",3008,2,4,4,NA,"0",0,0,1,0
"1666",3009,2,4,4,NA,"0",1,0,1,0
"1667",3010,2,4,4,NA,"0",0,0,0,0
"1668",3011,2,4,4,NA,"0",0,0,1,0
"1669",3012,2,4,1,NA,"0",1,0,0,0
"1670",3013,2,4,4,NA,"0",0,0,1,0
"1671",3014,2,4,4,NA,"0",0,0,1,0
"1672",3015,2,4,4,NA,"0",0,0,0,0
"1673",3016,2,4,3,NA,"0",0,0,1,0
"1674",3017,2,4,3,NA,"0",0,0,0,0
"1675",3018,2,4,4,NA,"0",0,0,0,0
"1676",3019,2,4,4,NA,"0",1,0,1,0
"1677",3020,2,4,2,NA,"0",0,0,0,0
"1678",3021,2,4,4,NA,"0",0,0,0,0
"1679",3022,2,4,2,NA,"0",1,0,1,0
"1680",3023,2,4,4,NA,"0",1,0,1,0
"1681",3024,2,4,2,NA,"0",0,1,1,0
"1682",3025,2,4,2,NA,"0",1,0,1,0
"1683",3026,2,4,3,NA,"0",0,0,1,0
"1684",3027,2,4,4,NA,"0",1,0,1,0
"1685",3028,2,4,4,NA,"0",1,0,1,0
"1686",3029,2,4,2,NA,"0",0,0,1,0
"1687",3030,2,4,2,NA,"0",0,0,0,0
"1688",3031,2,4,2,NA,"0",1,0,1,0
"1689",3032,2,4,2,NA,"0",0,0,1,0
"1690",3033,2,4,1,NA,"0",0,0,1,0
"1691",3034,2,4,4,NA,"0",1,0,1,0
"1692",3035,2,4,4,NA,"0",0,0,0,0
"1693",3036,2,4,4,NA,"0",1,1,1,0
"1694",3037,2,4,4,NA,"0",1,1,1,0
"1695",3038,2,4,2,NA,"0",0,0,1,0
"1696",3040,2,4,3,NA,"0",1,0,1,0
"1697",3041,2,4,4,NA,"0",0,0,1,0
"1698",3042,2,4,4,NA,"0",1,0,1,0
"1699",3043,2,4,4,NA,"0",0,0,1,0
"1700",3044,2,4,2,NA,"0",0,1,1,1
"1701",3045,2,4,2,NA,"0",1,0,1,0
"1702",3046,2,4,4,NA,"0",0,1,1,0
"1703",3047,2,4,2,NA,"0",1,0,1,1
"1704",3048,2,4,4,NA,"0",1,0,1,1
"1705",3049,2,4,4,NA,"0",0,0,1,0
"1706",3050,2,4,2,NA,"0",1,0,1,0
"1707",3051,2,4,2,NA,"0",1,0,1,0
"1708",3052,2,4,4,NA,"0",1,1,1,1
"1709",3053,2,4,1,NA,"0",0,0,1,0
"1710",3054,2,4,1,NA,"0",0,0,1,0
"1711",3055,2,4,4,NA,"0",0,0,0,0
"1712",3056,2,4,4,NA,"0",0,0,1,0
"1713",3057,2,4,4,NA,"0",1,0,0,0
"1714",3058,2,4,1,NA,"0",0,0,1,0
"1715",3059,2,4,2,NA,"0",0,0,0,0
"1716",3060,2,4,4,NA,"0",1,1,1,0
"1717",3061,2,4,3,NA,"0",1,0,1,0
"1718",3062,2,4,4,NA,"0",0,0,0,0
"1719",3063,2,4,2,NA,"0",1,0,1,0
"1720",3064,2,4,3,NA,"0",1,0,1,0
"1721",3065,2,4,4,NA,"0",0,1,1,0
"1722",3066,2,4,4,NA,"0",0,0,1,1
"1723",3067,2,4,4,NA,"0",0,1,0,0
"1724",3068,2,4,4,NA,"0",0,0,1,0
"1725",3069,2,4,2,NA,"0",1,0,1,0
"1726",3070,2,4,4,NA,"0",0,0,1,0
"1727",3071,2,4,4,NA,"0",1,1,1,1
"1728",3072,2,4,4,NA,"0",0,0,1,0
"1729",3073,2,4,4,NA,"0",0,1,1,0
"1730",3074,2,4,2,NA,"0",0,0,1,0
"1731",3075,2,4,4,NA,"0",0,0,0,0
"1732",3076,2,4,4,NA,"0",0,0,1,0
"1733",3077,2,4,4,NA,"0",1,0,0,0
"1734",3078,2,4,4,NA,"0",1,0,1,0
"1735",3079,2,4,4,NA,"0",1,0,1,0
"1736",3080,2,4,2,NA,"0",0,0,1,0
"1737",3081,2,4,4,NA,"0",0,0,0,0
"1738",3082,2,4,4,NA,"0",1,0,1,0
"1739",3083,2,4,4,NA,"0",0,0,1,0
"1740",3084,2,4,2,NA,"0",0,0,1,0
"1741",3085,2,4,2,NA,"0",0,0,1,0
"1742",3086,2,4,1,NA,"0",0,0,0,0
"1743",3087,2,4,4,NA,"0",0,1,1,0
"1744",3088,2,4,4,NA,"0",0,0,1,1
"1745",3089,2,4,4,NA,"0",0,0,1,0
"1746",3090,2,4,4,NA,"0",0,0,0,1
"1747",3091,2,4,4,NA,"0",1,0,1,1
"1748",3092,2,4,2,NA,"0",0,0,0,0
"1749",3093,2,4,4,NA,"0",0,0,0,0
"1750",3094,2,4,2,NA,"0",0,0,1,0
"1751",3095,2,4,3,NA,"0",1,0,1,0
"1752",3097,2,4,3,NA,"0",0,0,1,0
"1753",3098,2,5,2,1,"0",0,1,0,1
"1754",3099,2,5,1,1,"0",0,0,1,0
"1755",3100,2,5,4,1,"0",0,1,1,0
"1756",3101,2,5,2,1,"0",0,0,0,0
"1757",3102,2,5,2,1,"0",1,0,1,0
"1758",3103,2,5,1,1,"0",1,0,0,0
"1759",3104,2,5,2,1,"0",1,0,0,0
"1760",3105,2,5,1,1,"0",0,1,1,0
"1761",3106,2,5,1,1,"0",1,1,1,0
"1762",3107,2,5,1,1,"0",0,0,1,0
"1763",3108,2,5,2,1,"0",1,0,0,0
"1764",3109,2,5,3,1,"0",0,0,1,0
"1765",3110,2,5,3,1,"0",0,0,1,0
"1766",3111,2,5,2,1,"0",0,0,0,0
"1767",3112,2,5,3,1,"0",0,0,0,1
"1768",3113,2,5,2,1,"0",1,0,1,1
"1769",3114,2,5,2,1,"0",1,0,1,0
"1770",3115,2,5,2,1,"0",0,0,1,0
"1771",3116,2,5,3,2,"0",1,0,0,0
"1772",3117,2,5,2,1,"0",1,1,0,0
"1773",3118,2,5,3,1,"0",1,0,1,0
"1774",3119,2,5,4,1,"0",0,0,0,0
"1775",3120,2,5,1,1,"0",1,0,0,0
"1776",3121,2,5,2,1,"0",0,0,1,0
"1777",3122,2,5,4,1,"0",1,0,0,1
"1778",3123,2,5,3,1,"0",0,0,0,1
"1779",3124,2,5,2,1,"0",1,0,0,0
"1780",3125,2,5,1,2,"0",1,0,1,0
"1781",3126,2,5,4,2,"0",1,0,1,0
"1782",3127,2,5,4,1,"0",0,0,0,0
"1783",3128,2,5,4,1,"0",0,0,0,0
"1784",3129,2,5,1,1,"0",0,0,1,0
"1785",3130,2,5,2,1,"0",0,0,1,0
"1786",3131,2,5,4,1,"0",0,0,0,0
"1787",3132,2,5,2,1,"0",0,0,0,0
"1788",3133,2,5,4,2,"0",1,1,1,0
"1789",3134,2,5,1,1,"0",0,0,0,0
"1790",3135,2,5,3,1,"0",0,0,1,0
"1791",3136,2,5,2,1,"0",1,1,1,0
"1792",3137,2,5,2,1,"0",0,0,1,0
"1793",3138,2,5,4,1,"0",1,0,1,0
"1794",3139,2,5,1,1,"0",1,1,1,1
"1795",3140,2,5,1,1,"0",1,0,0,0
"1796",3141,2,5,2,1,"0",0,0,1,0
"1797",3142,2,5,2,1,"0",1,0,1,0
"1798",3143,2,5,4,1,"0",1,1,0,0
"1799",3144,2,5,2,1,"0",1,0,1,0
"1800",3145,2,5,3,1,"0",0,0,0,1
"1801",3146,2,5,1,1,"0",1,0,1,0
"1802",3148,2,5,1,1,"0",1,0,1,0
"1803",3149,2,5,2,1,"0",1,1,1,0
"1804",3150,2,5,3,1,"0",0,0,1,0
"1805",3151,2,5,2,1,"0",1,0,0,0
"1806",3152,2,5,3,1,"0",0,0,1,0
"1807",3153,2,5,3,1,"0",0,0,1,0
"1808",3154,2,5,1,1,"0",0,0,0,0
"1809",3155,2,5,1,1,"0",1,0,1,0
"1810",3156,2,5,2,1,"0",1,0,1,0
"1811",3157,2,5,1,1,"0",0,0,1,0
"1812",3158,2,5,3,1,"0",0,0,0,0
"1813",3159,2,5,1,1,"0",0,0,0,0
"1814",3160,2,5,3,1,"0",0,0,1,0
"1815",3161,2,5,2,1,"0",0,0,1,0
"1816",3162,2,5,4,1,"0",1,0,1,1
"1817",3163,2,5,1,1,"0",1,0,1,0
"1818",3164,2,5,3,1,"0",0,0,1,0
"1819",3165,2,5,4,1,"0",0,0,1,0
"1820",3166,2,5,1,1,"0",0,0,1,0
"1821",3167,2,5,1,1,"0",1,0,1,0
"1822",3168,2,5,4,1,"0",1,0,1,0
"1823",3169,2,5,2,1,"0",0,0,0,0
"1824",3170,2,5,3,1,"0",0,0,1,0
"1825",3171,2,5,3,1,"0",0,0,1,0
"1826",3172,2,5,2,1,"0",0,0,0,1
"1827",3173,2,5,2,1,"0",1,0,1,0
"1828",3174,2,5,1,1,"0",0,0,1,0
"1829",3175,2,5,4,1,"0",1,0,0,0
"1830",3177,2,5,2,1,"0",1,0,1,1
"1831",3178,2,5,1,1,"0",0,0,0,0
"1832",3179,2,5,3,1,"0",0,0,0,0
"1833",3180,2,5,2,1,"0",1,1,1,0
"1834",3181,2,5,4,1,"0",0,0,0,0
"1835",3182,2,5,1,1,"0",1,0,1,0
"1836",3183,2,5,3,1,"0",1,0,1,0
"1837",3184,2,5,3,1,"0",0,0,1,0
"1838",3185,2,5,4,1,"0",1,0,0,0
"1839",3186,2,5,4,1,"0",1,0,1,0
"1840",3187,2,5,3,1,"0",1,0,0,0
"1841",3188,2,5,3,1,"0",0,0,1,0
"1842",3189,2,5,3,1,"0",0,0,1,0
"1843",3190,2,5,2,1,"0",1,0,0,0
"1844",3191,2,5,2,1,"0",0,0,1,0
"1845",3192,2,5,4,1,"0",0,0,1,0
"1846",3193,2,5,2,1,"0",1,0,1,0
"1847",3195,2,5,4,1,"0",1,0,1,0
"1848",3196,2,5,2,1,"0",1,0,1,0
"1849",3199,2,5,3,1,"0",1,0,1,0
"1850",3200,2,5,2,1,"0",0,0,1,0
"1851",3201,2,5,4,1,"0",0,0,1,0
"1852",3202,2,5,2,1,"0",1,0,1,0
"1853",3203,2,5,2,1,"0",1,0,1,0
"1854",3204,2,5,3,2,"0",1,0,1,0
"1855",3205,2,5,1,1,"0",1,0,0,0
"1856",3206,2,5,2,1,"0",1,0,0,1
"1857",3207,2,5,3,1,"0",1,0,1,0
"1858",3208,2,5,4,1,"0",0,1,1,0
"1859",3209,2,5,4,1,"0",0,0,0,0
"1860",3210,2,5,3,1,"0",1,1,1,0
"1861",3211,2,5,1,1,"0",0,0,1,0
"1862",3212,2,5,2,1,"0",0,0,1,0
"1863",3213,2,5,4,1,"0",1,0,1,0
"1864",3214,2,5,4,1,"0",1,0,0,0
"1865",3215,2,5,3,1,"0",0,0,1,0
"1866",3216,2,5,1,1,"0",0,0,0,0
"1867",3217,2,5,2,1,"0",0,0,0,1
"1868",3218,2,5,1,1,"0",0,0,1,0
"1869",3219,2,5,1,1,"0",1,0,0,0
"1870",3220,2,5,3,2,"0",0,0,1,0
"1871",3221,2,5,1,1,"0",1,0,1,0
"1872",3222,2,5,1,1,"0",0,0,1,0
"1873",3223,2,5,3,1,"0",1,0,0,0
"1874",3224,2,5,3,1,"0",0,0,1,0
"1875",3225,2,5,2,1,"0",0,0,1,0
"1876",3226,2,5,3,1,"0",1,0,1,0
"1877",3227,2,5,2,1,"0",0,0,0,0
"1878",3229,2,5,4,1,"0",0,0,1,0
"1879",3230,2,5,2,1,"0",1,0,0,0
"1880",3231,2,5,2,1,"0",1,1,0,0
"1881",3232,2,5,3,1,"0",0,0,0,0
"1882",3233,2,5,1,1,"0",1,0,1,0
"1883",3234,2,5,2,1,"0",0,0,0,0
"1884",3235,2,5,4,2,"0",1,1,1,1
"1885",3236,2,5,2,1,"0",0,0,1,0
"1886",3237,2,5,1,2,"0",1,1,1,0
"1887",3238,2,5,2,1,"0",0,1,1,0
"1888",3239,2,5,4,1,"0",0,0,1,1
"1889",3240,2,5,2,2,"0",1,0,0,0
"1890",3241,2,5,4,1,"0",0,0,1,0
"1891",3242,2,5,2,1,"0",1,0,0,0
"1892",3243,2,5,2,1,"0",0,0,0,0
"1893",3244,2,5,2,2,"0",0,0,1,0
"1894",3245,2,5,2,1,"0",0,0,0,0
"1895",3246,2,5,4,1,"0",0,0,1,0
"1896",3247,2,5,2,1,"0",0,0,1,0
"1897",3248,2,5,4,1,"0",1,0,0,0
"1898",3249,2,5,2,1,"0",0,0,1,0
"1899",3250,2,5,2,1,"0",0,0,0,0
"1900",3251,2,5,3,1,"0",0,0,1,0
"1901",3252,2,5,2,1,"0",0,0,1,0
"1902",3253,2,5,3,1,"0",0,0,1,0
"1903",3254,2,5,1,1,"0",0,0,1,0
"1904",3255,2,5,3,2,"0",0,0,1,0
"1905",3257,2,5,4,1,"0",0,0,0,0
"1906",3258,2,5,1,1,"0",0,0,0,0
"1907",3259,2,5,1,1,"0",0,1,1,0
"1908",3260,2,5,2,1,"0",0,0,1,0
"1909",3261,2,5,2,1,"0",0,0,1,0
"1910",3262,2,5,2,1,"0",0,0,1,0
"1911",3263,2,5,3,1,"0",0,0,1,0
"1912",3264,2,5,4,2,"0",1,1,1,0
"1913",3265,2,5,3,1,"0",1,0,1,0
"1914",3266,2,5,4,1,"0",0,0,0,1
"1915",3267,2,5,3,1,"0",0,0,0,0
"1916",3268,2,5,2,1,"0",1,0,0,0
"1917",3269,2,5,3,1,"0",0,1,0,0
"1918",3270,2,5,2,1,"0",1,0,0,0
"1919",3271,2,5,3,1,"0",0,0,1,0
"1920",3272,2,5,2,1,"0",1,0,1,0
"1921",3273,2,5,3,1,"0",0,0,0,0
"1922",3274,2,5,2,1,"0",0,0,0,1
"1923",3275,2,5,2,1,"0",1,0,1,0
"1924",3276,2,5,3,1,"0",1,0,1,0
"1925",3277,2,5,4,1,"0",0,0,1,0
"1926",3278,2,5,3,1,"0",0,0,0,0
"1927",3279,2,5,4,1,"0",1,0,0,0
"1928",3280,2,5,1,1,"0",0,0,0,0
"1929",3281,2,5,1,1,"0",0,0,1,0
"1930",3282,2,5,4,1,"0",1,0,0,0
"1931",3283,2,5,2,1,"0",0,0,0,0
"1932",3284,2,5,2,1,"0",0,0,1,0
"1933",3285,2,5,4,1,"0",0,0,0,0
"1934",3286,2,5,2,1,"0",1,1,1,0
"1935",3287,2,5,1,1,"0",1,0,1,0
"1936",3288,2,5,4,1,"0",0,0,1,1
"1937",3289,2,5,2,1,"0",1,0,1,0
"1938",3290,2,5,3,1,"0",0,0,1,0
"1939",3291,2,5,2,1,"0",0,0,0,1
"1940",3292,2,5,2,1,"0",1,0,0,0
"1941",3293,2,5,2,1,"0",1,0,0,0
"1942",3294,2,5,4,1,"0",1,0,1,0
"1943",3295,2,5,1,1,"0",0,0,0,0
"1944",3296,2,5,4,1,"0",1,0,1,0
"1945",3297,2,5,4,1,"0",0,0,0,0
"1946",3298,2,5,1,1,"0",0,0,1,0
"1947",3299,2,5,4,1,"0",0,0,1,0
"1948",3300,2,5,3,1,"0",0,0,1,0
"1949",3301,2,5,2,1,"0",1,0,0,0
"1950",3302,2,5,2,1,"0",0,0,0,0
"1951",3303,2,5,4,1,"0",0,0,1,0
"1952",3304,2,5,3,1,"0",0,0,0,0
"1953",3305,2,5,4,1,"0",0,0,1,0
"1954",3306,2,5,3,1,"0",0,0,1,0
"1955",3307,2,5,1,1,"0",0,0,0,0
"1956",3308,2,5,1,1,"0",0,0,0,0
"1957",3310,2,5,2,1,"0",0,0,1,0
"1958",3311,2,5,2,2,"0",1,0,1,0
"1959",3312,2,5,2,1,"0",0,0,0,0
"1960",3313,2,5,2,1,"0",0,0,1,0
"1961",3314,2,5,1,1,"0",1,0,1,0
"1962",3315,2,5,2,1,"0",1,1,0,0
"1963",3316,2,5,2,1,"0",1,0,1,0
"1964",3317,2,5,3,1,"0",1,1,1,0
"1965",3318,2,5,3,1,"0",0,0,0,0
"1966",3319,2,5,4,1,"0",0,0,0,0
"1967",3320,2,5,2,1,"0",1,0,0,0
"1968",3321,2,5,2,1,"0",0,0,1,0
"1969",3322,2,5,4,1,"0",0,0,1,0
"1970",3323,2,5,4,1,"0",1,1,1,0
"1971",3324,2,5,2,2,"0",0,0,1,0
"1972",3325,2,5,1,1,"0",0,0,1,0
"1973",3326,2,5,4,1,"0",0,0,1,0
"1974",3327,2,5,3,1,"0",1,1,1,0
"1975",3328,2,5,4,1,"0",1,0,0,0
"1976",3329,2,5,3,1,"0",1,0,1,0
"1977",3330,2,5,3,1,"0",1,0,0,0
"1978",3331,2,5,4,2,"0",0,0,1,0
"1979",3332,2,5,4,1,"0",1,0,1,0
"1980",3333,2,5,4,1,"0",0,0,1,0
"1981",3334,2,5,2,1,"0",1,0,0,0
"1982",3336,2,5,2,1,"0",0,0,1,0
"1983",3337,2,5,3,1,"0",1,0,1,0
"1984",3338,2,5,2,1,"0",0,0,0,1
"1985",3339,2,5,1,2,"0",0,0,1,0
"1986",3340,2,5,1,1,"0",0,0,0,1
"1987",3341,2,5,4,1,"0",0,0,1,0
"1988",3342,2,5,2,1,"0",1,0,0,0
"1989",3343,2,5,1,1,"0",0,0,0,0
"1990",3344,2,5,4,1,"0",0,0,1,0
"1991",3345,2,5,1,1,"0",0,0,1,0
"1992",3346,2,5,3,1,"0",0,1,1,0
"1993",3347,2,5,2,2,"0",1,0,1,0
"1994",3348,2,5,1,1,"0",0,0,1,0
"1995",3349,2,5,2,1,"0",0,1,1,0
"1996",3351,2,5,1,1,"0",1,0,0,0
"1997",3352,2,5,1,1,"0",0,0,1,0
"1998",3353,2,5,2,1,"0",1,0,1,0
"1999",3354,2,5,2,1,"0",1,0,0,0
"2000",3355,2,5,2,1,"0",0,0,1,0
"2001",3356,2,5,4,1,"0",1,0,1,0
"2002",3357,2,5,3,1,"0",0,0,0,0
"2003",3358,2,5,3,1,"0",0,0,0,0
"2004",3359,2,5,2,2,"0",0,0,1,0
"2005",3360,2,5,2,1,"0",0,0,1,0
"2006",3361,2,5,3,1,"0",0,0,1,0
"2007",3362,2,5,1,2,"0",1,0,1,0
"2008",3363,2,5,4,1,"0",1,0,1,0
"2009",3364,2,5,2,1,"0",0,0,1,0
"2010",3365,2,5,3,1,"0",1,0,0,0
"2011",3366,2,5,4,1,"0",1,0,0,0
"2012",3367,2,5,3,1,"0",0,0,0,0
"2013",3368,2,5,1,1,"0",0,0,1,0
"2014",3369,2,5,3,1,"0",1,1,1,0
"2015",3370,2,5,4,1,"0",1,0,0,0
"2016",3371,2,5,4,1,"0",0,0,1,0
"2017",3372,2,5,2,1,"0",0,0,0,1
"2018",3373,2,5,2,1,"0",0,0,1,0
"2019",3374,2,5,1,2,"0",1,0,1,0
"2020",3375,2,5,2,1,"0",1,0,1,1
"2021",3376,2,5,1,1,"0",1,0,0,0
"2022",3377,2,5,1,1,"0",0,0,1,0
"2023",3378,2,5,4,1,"0",0,0,1,0
"2024",3379,2,5,2,1,"0",0,1,1,0
"2025",3380,2,5,3,1,"0",0,0,1,0
"2026",3381,2,5,1,1,"0",1,1,1,0
"2027",3382,2,5,4,1,"0",0,0,1,0
"2028",3383,2,5,1,1,"0",0,0,1,0
"2029",3384,2,5,1,1,"0",1,0,1,0
"2030",3385,2,5,1,1,"0",0,0,1,0
"2031",3386,2,5,4,1,"0",0,0,1,0
"2032",3388,2,5,3,1,"0",1,0,0,0
"2033",3389,2,5,3,1,"0",0,0,0,0
"2034",3390,2,5,1,1,"0",1,0,1,0
"2035",3391,2,5,3,1,"0",0,0,1,0
"2036",3392,2,5,4,1,"0",0,0,1,0
"2037",3393,2,5,1,1,"0",0,0,0,0
"2038",3394,2,5,2,1,"0",0,0,1,0
"2039",3395,2,5,3,1,"0",0,0,1,0
"2040",3396,2,5,1,1,"0",0,0,0,0
"2041",3397,2,5,4,1,"0",1,0,0,0
"2042",3398,2,5,4,1,"0",0,1,0,0
"2043",3399,2,5,3,1,"0",0,0,0,0
"2044",3400,2,5,1,1,"0",1,1,1,1
"2045",3401,2,5,1,1,"0",0,0,0,0
"2046",3402,2,5,4,1,"0",0,0,0,0
"2047",3403,2,5,1,1,"0",1,0,0,1
"2048",3404,2,5,3,1,"0",0,0,1,0
"2049",3405,2,5,3,1,"0",0,0,1,0
"2050",3406,2,5,4,1,"0",1,0,1,0
"2051",3407,2,5,1,1,"0",1,0,1,0
"2052",3408,2,5,1,1,"0",0,0,1,0
"2053",3409,2,5,4,1,"0",0,1,1,1
"2054",3410,2,5,1,1,"0",0,0,1,0
"2055",3411,2,5,2,1,"0",0,0,1,1
"2056",3412,2,5,4,1,"0",1,1,1,0
"2057",3413,2,5,1,1,"0",0,0,0,0
"2058",3414,2,5,2,1,"0",1,1,1,0
"2059",3415,2,5,1,1,"0",1,0,1,0
"2060",3416,2,5,2,1,"0",0,0,1,0
"2061",3417,2,5,2,1,"0",1,0,1,0
"2062",3418,2,5,3,1,"0",1,1,1,1
"2063",3419,2,5,2,1,"0",0,0,0,0
"2064",3420,2,5,3,1,"0",0,0,1,0
"2065",3421,2,5,4,1,"0",0,0,1,0
"2066",3423,2,5,2,1,"0",1,0,0,0
"2067",3424,2,5,1,1,"0",1,0,1,0
"2068",3425,2,5,4,1,"0",0,0,1,1
"2069",3426,2,5,4,1,"0",1,0,0,1
"2070",3428,2,5,2,1,"0",0,0,0,0
"2071",3429,2,5,4,1,"0",1,0,1,0
"2072",3430,2,5,4,1,"0",0,0,1,0
"2073",3431,2,5,2,1,"0",1,1,1,0
"2074",3432,2,5,3,1,"0",0,1,1,0
"2075",3434,2,5,2,1,"0",1,1,1,0
"2076",3435,2,5,2,1,"0",1,0,1,0
"2077",3436,2,5,2,1,"0",0,1,1,0
"2078",3437,2,5,1,1,"0",0,0,1,0
"2079",3438,2,5,2,1,"0",0,1,0,0
"2080",3439,2,5,4,1,"0",0,0,0,0
"2081",3440,2,5,4,1,"0",0,0,1,0
"2082",3441,2,5,3,1,"0",0,0,1,0
"2083",3442,2,5,1,1,"0",1,1,1,0
"2084",3443,2,5,3,1,"0",1,0,0,0
"2085",3445,2,5,1,1,"0",0,1,1,0
"2086",3446,2,5,2,2,"0",0,0,0,0
"2087",3447,2,5,2,1,"0",1,0,0,0
"2088",3448,2,5,4,1,"0",0,0,0,0
"2089",3449,2,5,2,1,"0",1,0,0,0
"2090",3450,2,5,3,1,"0",0,0,0,0
"2091",3451,2,5,2,1,"0",0,0,0,0
"2092",3452,2,5,3,1,"0",1,1,1,0
"2093",3453,2,5,3,1,"0",1,0,0,1
"2094",3454,2,5,2,1,"0",1,0,0,0
"2095",3455,2,5,1,1,"0",0,0,1,0
"2096",3456,2,5,4,1,"0",0,0,0,0
"2097",3457,2,5,3,1,"0",0,1,1,0
"2098",3458,2,5,1,1,"0",1,0,0,0
"2099",3459,2,5,2,1,"0",1,0,1,1
"2100",3460,2,5,4,1,"0",0,0,1,0
"2101",3461,2,5,3,1,"0",0,0,1,0
"2102",3462,2,5,4,1,"0",0,0,1,0
"2103",3463,2,5,2,1,"0",1,0,1,0
"2104",3464,2,5,3,1,"0",0,1,1,0
"2105",3465,2,5,1,1,"0",0,0,1,0
"2106",3466,2,5,3,1,"0",0,1,0,0
"2107",3467,2,5,3,1,"0",0,0,1,0
"2108",3468,2,5,3,1,"0",1,0,1,0
"2109",3469,2,5,1,1,"0",0,0,1,0
"2110",3470,2,5,2,1,"0",0,0,1,0
"2111",3471,2,5,1,1,"0",1,0,0,0
"2112",3472,2,5,3,1,"0",1,1,1,0
"2113",3473,2,5,3,1,"0",0,0,0,0
"2114",3474,2,5,2,1,"0",0,0,0,1
"2115",3475,2,5,4,1,"0",1,0,1,0
"2116",3479,2,5,2,1,"0",0,0,0,0
"2117",3480,2,5,1,1,"0",1,0,1,0
"2118",3481,2,5,2,1,"0",1,0,1,0
"2119",3482,2,5,1,1,"0",0,0,1,0
"2120",3483,2,5,3,1,"0",0,0,1,0
"2121",3484,2,5,1,1,"0",0,0,0,0
"2122",3485,2,5,4,1,"0",1,0,1,0
"2123",3486,2,5,2,1,"0",1,0,0,1
"2124",3487,2,5,2,1,"0",1,0,0,0
"2125",3488,2,5,2,1,"0",1,0,1,0
"2126",3489,2,5,1,1,"0",1,0,1,0
"2127",3490,2,5,2,1,"0",0,0,0,0
"2128",3491,2,5,1,1,"0",1,1,1,0
"2129",3492,2,5,3,1,"0",1,0,1,0
"2130",3493,2,5,1,1,"0",1,0,0,1
"2131",3494,2,5,4,1,"0",0,0,1,0
"2132",3495,2,5,4,1,"0",0,0,1,0
"2133",3496,2,5,3,1,"0",1,0,1,0
"2134",3497,2,5,2,1,"0",0,0,1,0
"2135",3498,2,5,3,1,"0",1,0,1,0
"2136",3499,2,5,2,1,"0",0,0,0,0
"2137",3500,2,5,3,1,"0",1,1,1,1
"2138",3501,2,5,1,2,"0",1,0,1,0
"2139",3502,2,5,3,1,"0",1,0,1,0
"2140",3503,2,5,3,1,"0",1,0,1,0
"2141",3504,2,5,4,1,"0",0,0,1,0
"2142",3505,2,5,1,1,"0",0,0,0,0
"2143",3506,2,5,1,1,"0",0,0,0,0
"2144",3507,2,5,2,2,"0",1,0,1,0
"2145",3508,2,5,4,1,"0",1,0,0,0
"2146",3509,2,5,3,1,"0",0,1,0,0
"2147",3510,2,5,4,1,"0",1,0,0,0
"2148",3511,2,5,3,1,"0",0,0,0,1
"2149",3512,2,5,3,1,"0",1,0,1,1
"2150",3513,2,5,2,1,"0",1,0,1,1
"2151",3514,2,5,1,1,"0",0,0,0,0
"2152",3515,2,5,4,1,"0",1,0,1,0
"2153",3516,2,5,1,1,"0",0,0,1,0
"2154",3518,2,5,1,1,"0",0,0,1,0
"2155",3519,2,5,3,1,"0",0,0,1,0
"2156",3520,2,5,1,1,"0",0,0,1,0
"2157",3521,2,5,3,1,"0",1,0,1,0
"2158",3522,2,5,2,1,"0",0,0,1,0
"2159",3523,2,5,2,1,"0",1,0,1,0
"2160",3524,2,5,3,1,"0",0,1,0,0
"2161",3525,2,5,1,1,"0",0,1,0,1
"2162",3526,2,5,3,1,"0",1,0,1,0
"2163",3527,2,5,2,1,"0",1,0,1,0
"2164",3528,2,5,4,1,"0",1,1,1,0
"2165",3530,2,5,4,1,"0",0,0,1,0
"2166",3531,2,5,1,1,"0",0,0,0,0
"2167",3532,2,5,3,1,"0",0,0,1,1
"2168",3533,2,5,4,1,"0",1,1,1,1
